timestamp,date,low,high,open,close,volume
1440979200,2015-08-31,225.23,233,229.4,230.75,6986.51571867
1441065600,2015-09-01,226.42,233.5,230.76,228.22,8599.28297275
1441152000,2015-09-02,226.43,231.43,228.22,229.97,7461.09419833
1441238400,2015-09-03,226.48,230.79,229.95,227.25,6669.72158489
1441324800,2015-09-04,227.24,232.49,227.24,231.39,7070.63136039
1441411200,2015-09-05,230.12,237.24,231.43,236.01,5615.31975395
1441497600,2015-09-06,235.54,244.82,236.17,241.29,5273.5396927
1441584000,2015-09-07,239.21,242.98,241.26,241.31,4902.58116068
1441670400,2015-09-08,240.31,247.82,241.31,244.14,8297.98385459
1441756800,2015-09-09,238.6,244.69,244.24,238.75,6819.43626768
1441843200,2015-09-10,236.69,241.4,238.74,238.52,5812.39815317
1441929600,2015-09-11,238.5,241.54,238.55,240.9,5856.64280098
1442016000,2015-09-12,235.26,241.12,240.9,236.5,5480.20471378
1442102400,2015-09-13,229.72,236.91,236.5,230.82,5004.42997556
1442188800,2015-09-14,228.01,233.99,230.83,231.01,7984.56251326
1442275200,2015-09-15,230.26,232.43,231.02,230.6,7118.30792605
1442361600,2015-09-16,226.85,232,230.67,229.73,7655.65298843
1442448000,2015-09-17,229.01,235.93,229.72,233.34,7527.99830632
1442534400,2015-09-18,231.75,234.96,233.31,233.78,4688.4507946
1442620800,2015-09-19,232,234.31,233.78,232.88,3604.57190273
1442707200,2015-09-20,231.84,234,232.88,232.24,3683.55398908
1442793600,2015-09-21,226.87,233.64,232.26,227.31,7599.80481578
1442880000,2015-09-22,224.45,232.5,227.31,231.28,8900.96660186
1442966400,2015-09-23,229.27,233,231.31,230.26,6357.67604853
1443052800,2015-09-24,230.09,235.99,230.26,235.27,9375.09414213
1443139200,2015-09-25,234.02,237.62,235.35,235.89,6186.86283845
1443225600,2015-09-26,233.5,236.2,235.88,234.69,4167.95246947
1443312000,2015-09-27,233.2,235.03,234.67,233.58,3302.85450184
1443398400,2015-09-28,233.53,240.52,233.53,239.99,8114.32217801
1443484800,2015-09-29,236.65,241.05,239.96,236.89,6984.74661537
1443571200,2015-09-30,236.26,238.75,236.88,237.14,5479.4328461
1443657600,2015-10-01,236.9,239.86,237.1,238.34,5676.93891488
1443744000,2015-10-02,236.97,239.4,238.34,238.28,5907.54929183
1443830400,2015-10-03,237.73,240.62,238.31,239.92,4332.27031897
1443916800,2015-10-04,239.07,240.28,239.93,239.87,3794.12085585
1444003200,2015-10-05,237.5,240.98,239.87,240.95,7487.56172347
1444089600,2015-10-06,240.31,248,240.93,246.64,9578.72146391
1444176000,2015-10-07,240.2,247.96,246.7,244,8822.05479471
1444262400,2015-10-08,242.2,245.38,244,242.94,5622.45156751
1444348800,2015-10-09,241.1,244.88,242.94,244.35,4935.02552161
1444435200,2015-10-10,243.8,246.1,244.44,246.07,3688.53341368
1444521600,2015-10-11,245.63,250,246.06,249.02,4323.26612441
1444608000,2015-10-12,245.89,249.14,249.01,246.39,5402.18608546
1444694400,2015-10-13,244.86,251.5,246.43,250.99,6502.18526608
1444780800,2015-10-14,250.25,255,250.98,253.27,7587.52667361
1444867200,2015-10-15,253.18,256.77,253.25,254.99,6678.9212441
1444953600,2015-10-16,254.86,267.6,254.98,263.43,9215.97339011
1445040000,2015-10-17,263.05,274.81,263.45,272.87,11034.22730695
1445126400,2015-10-18,262.94,273.5,272.88,265,5660.0181334
1445212800,2015-10-19,262.05,268.23,265,265.17,5364.33182456
1445299200,2015-10-20,264.38,272.95,265.09,271.14,4648.36685323
1445385600,2015-10-21,265,272.85,271.16,268.77,6195.06646892
1445472000,2015-10-22,268.75,280,268.77,275.84,8695.88388281
1445558400,2015-10-23,275.4,281.17,275.76,278.76,7072.89470388
1445644800,2015-10-24,278.75,284.49,278.76,284.29,5508.01672516
1445731200,2015-10-25,283.28,295.93,284.29,284.97,10695.70837063
1445817600,2015-10-26,282.04,287.68,284.97,287.1,7477.92421946
1445904000,2015-10-27,286.89,297.99,287.1,295.61,11123.68178775
1445990400,2015-10-28,295.65,308.93,295.68,304.09,16047.51077092
1446076800,2015-10-29,301.8,320.99,304.1,316.08,12247.98107552
1446163200,2015-10-30,315.9,336.97,316.07,329.11,16830.20005473
1446249600,2015-10-31,306.29,334.28,329.11,314.85,15213.75033133
1446336000,2015-11-01,311.44,332,314.84,329.46,10727.71808575
1446422400,2015-11-02,326.07,371.82,329.45,365.21,19750.03524771
1446508800,2015-11-03,362.07,422.3,365.14,404.1,40167.75664017
1446595200,2015-11-04,368.15,499.99,404.06,410,50604.1189154
1446681600,2015-11-05,366.66,450,410,387.21,27228.23311929
1446768000,2015-11-06,351,395,387.21,374.09,20036.22910475
1446854400,2015-11-07,371.43,392,374.26,384.81,8396.12456558
1446940800,2015-11-08,363.58,389,384.8,373.83,7459.03455998
1447027200,2015-11-09,360.8,386.96,373.84,379.53,11225.64567597
1447113600,2015-11-10,322,382.23,379.55,337.14,16694.82226273
1447200000,2015-11-11,293.32,341.75,337.14,313.2,18099.03829411
1447286400,2015-11-12,312.24,344.99,313.2,336.49,15784.26817585
1447372800,2015-11-13,325,343,336.49,338.07,10203.5664044
1447459200,2015-11-14,329.4,339.57,338.08,334.71,6008.71016419
1447545600,2015-11-15,319.89,336.46,334.67,322.93,6329.30282708
1447632000,2015-11-16,316.12,334.1,322.94,332.89,7295.39651482
1447718400,2015-11-17,330.1,340.72,332.85,336.49,7262.45698749
1447804800,2015-11-18,330,338,336.49,335.49,5204.31011673
1447891200,2015-11-19,324.9,336.38,335.5,326.41,6720.69593055
1447977600,2015-11-20,311.23,327.04,326.53,322.39,9324.44081425
1448064000,2015-11-21,316.33,328,322.39,327,5125.95880902
1448150400,2015-11-22,321,327,326.99,323.71,3426.17860154
1448236800,2015-11-23,322,326,323.72,323,4797.36462208
1448323200,2015-11-24,318,323.17,323.01,321,5234.70261933
1448409600,2015-11-25,316.26,330.06,320.96,328.98,7870.71416224
1448496000,2015-11-26,328.98,368.18,328.99,352.57,14023.74766101
1448582400,2015-11-27,347.96,364.46,352.56,358.19,7234.83070596
1448668800,2015-11-28,351.09,359.63,358.2,357.24,5553.33149499
1448755200,2015-11-29,354.26,373.63,357.24,372.24,5537.92313905
1448841600,2015-11-30,367.5,382.87,372.25,376.86,11425.77472777
1448928000,2015-12-01,354.6,378.94,376.88,362.68,9267.09208586
1449014400,2015-12-02,347.55,363.06,362.68,360,8966.98824159
1449100800,2015-12-03,356.52,369.99,360,361.77,7242.50437252
1449187200,2015-12-04,355.43,364.85,361.89,363.98,5864.70564891
1449273600,2015-12-05,363.97,390,363.98,387.99,8731.85230085
1449360000,2015-12-06,375.22,401.01,388.03,387.55,9639.70483496
1449446400,2015-12-07,383,397.57,387.53,394.73,7578.14034278
1449532800,2015-12-08,386.69,418.94,394.73,418.94,8264.82457202
1449619200,2015-12-09,401,425,417.84,418.39,13828.50629405
1449705600,2015-12-10,408,419.5,418.39,415.68,7117.83823664
1449792000,2015-12-11,415.67,453.13,415.68,452.95,13643.56244614
1449878400,2015-12-12,403,469.34,452.95,436.87,29525.37096438
1449964800,2015-12-13,419.42,443.83,436.9,433.83,6721.48859993
1450051200,2015-12-14,429.12,450,433.38,444.01,165542.81103878
1450137600,2015-12-15,443.76,464.95,444.03,464.27,11008.16685662
1450224000,2015-12-16,440,464.73,464.5,453.97,35979.12462
1450310400,2015-12-17,446.01,456.33,453.96,455.5,6291.40394102
1450396800,2015-12-18,453.28,465.1,455.5,463.17,5045.11002465
1450483200,2015-12-19,451.58,465.6,463.14,461.29,6991.38436346
1450569600,2015-12-20,430,461.3,461.29,442.22,8376.43335291
1450656000,2015-12-21,424.66,444.44,442.36,436.81,6845.94120366
1450742400,2015-12-22,432.58,442,436.85,433.92,6659.30196893
1450828800,2015-12-23,428.29,445.11,433.94,442.43,7571.53072722
1450915200,2015-12-24,442.42,460,442.43,455.74,6860.23753086
1451001600,2015-12-25,450.01,458.99,455.74,455.84,3482.66051175
1451088000,2015-12-26,410,458.29,455.82,419.41,13505.23264845
1451174400,2015-12-27,410.02,429.85,419.41,424.72,5568.9768396
1451260800,2015-12-28,418,429.9,424.73,421.94,6929.61799486
1451347200,2015-12-29,419.31,433.9,421.94,433.89,6387.09713856
1451433600,2015-12-30,422.35,434.99,433.89,427.95,4884.61572961
1451520000,2015-12-31,419.04,434,427.9,430.35,6480.69357368
1451606400,2016-01-01,427.92,437.15,430.35,435.66,3863.27745054
1451692800,2016-01-02,432.41,437.56,435.67,435.4,3276.70962113
1451779200,2016-01-03,425.02,435.75,435.4,431.91,3904.33531811
1451865600,2016-01-04,431.37,435.79,431.9,433.85,5894.44572317
1451952000,2016-01-05,430,435.64,433.84,433.34,5150.10947569
1452038400,2016-01-06,428.15,433.46,433.32,430.87,5476.95995944
1452124800,2016-01-07,430.64,460.15,430.66,459.07,13907.20172902
1452211200,2016-01-08,447.53,464.4,459.07,454.44,8347.0950396
1452297600,2016-01-09,447.66,456,454.41,450.38,4247.63965095
1452384000,2016-01-10,442.96,451.39,450.39,449.99,3954.32239952
1452470400,2016-01-11,445.88,452.65,449.99,449.19,5597.63718315
1452556800,2016-01-12,431.83,449.44,449.26,434.01,6596.94545292
1452643200,2016-01-13,425,437.5,434.01,432.77,9009.15070912
1452729600,2016-01-14,428,435.27,432.7,430.03,5673.63296245
1452816000,2016-01-15,357.3,430.29,430.04,357.53,28641.67358553
1452902400,2016-01-16,350.92,391,357.59,388.7,17985.23878449
1452988800,2016-01-17,372,391,388.7,378.46,8278.40179348
1453075200,2016-01-18,370.1,386.1,378.47,384.89,8711.45975604
1453161600,2016-01-19,370,385.5,384.79,375.27,8133.36701034
1453248000,2016-01-20,369,425.1,375.28,418.54,13874.69165931
1453334400,2016-01-21,403.21,424.78,418.89,409.38,8739.16341887
1453420800,2016-01-22,373.86,413.99,409.02,382.9,13430.10303924
1453507200,2016-01-23,382.55,398.72,382.93,387.5,6310.0300222
1453593600,2016-01-24,387.49,406.93,387.5,403.05,3550.83177183
1453680000,2016-01-25,386.41,403.04,403.04,391.4,6491.99981186
1453766400,2016-01-26,387.78,397,391.4,391.54,6981.00990035
1453852800,2016-01-27,390.7,397.18,391.7,394.79,6324.16419027
1453939200,2016-01-28,377.12,395,394.6,379.61,9103.71549887
1454025600,2016-01-29,363.25,385.05,379.63,378.68,12105.31043689
1454112000,2016-01-30,375,382.04,378.68,378.46,4154.2964224
1454198400,2016-01-31,365,382.5,378.46,367.95,5506.77681302
1454284800,2016-02-01,366.26,379,367.89,371.33,7931.22922922
1454371200,2016-02-02,371.17,374.41,371.33,372.93,6856.21815799
1454457600,2016-02-03,365.63,373.01,372.93,368.87,7147.95657328
1454544000,2016-02-04,368.74,390.63,368.87,387.99,8887.7572324
1454630400,2016-02-05,382.99,389.36,387.99,384.5,7443.92933224
1454716800,2016-02-06,370.05,384.54,384.44,375.44,6276.66473729
1454803200,2016-02-07,373.24,379.81,375.44,377.49,4164.50911131
1454889600,2016-02-08,370.5,379.35,377.47,371.14,7094.20857777
1454976000,2016-02-09,370.13,374.93,371.02,372.68,8424.5942075
1455062400,2016-02-10,371.87,383.34,372.76,378.44,9736.03682475
1455148800,2016-02-11,360,379.5,378.49,378.23,10413.06371586
1455235200,2016-02-12,377.46,382.05,378.23,382.05,6162.21762337
1455321600,2016-02-13,381.99,396,382.05,391,5978.85647171
1455408000,2016-02-14,391,406.92,391,406.59,7557.25485027
1455494400,2016-02-15,394.03,409.09,406.62,398.95,6568.48538284
1455580800,2016-02-16,390,407.5,398.94,407.42,5649.43557069
1455667200,2016-02-17,405.69,420.13,407.41,415.2,8707.1340027
1455753600,2016-02-18,415.01,423.2,415.18,421.19,6518.6376118
1455840000,2016-02-19,416,422,421.18,420.72,5800.21753183
1455926400,2016-02-20,420.09,444.03,420.72,437.46,9368.59512888
1456012800,2016-02-21,426.01,448.7,438.04,438.56,7111.14458641
1456099200,2016-02-22,430.95,439,438.56,437.55,5131.79988328
1456185600,2016-02-23,414.16,440.9,437.45,419.97,9159.03224463
1456272000,2016-02-24,410,425.6,420.32,423.94,7232.28236528
1456358400,2016-02-25,418.6,426.44,423.87,423.54,6049.81811526
1456444800,2016-02-26,419.53,430.85,423.51,430.85,6782.03746528
1456531200,2016-02-27,430.14,434.97,430.84,433.12,5520.65526894
1456617600,2016-02-28,423,436.07,433.09,433.73,5149.93009024
1456704000,2016-02-29,431.13,442,433.73,436.44,7578.8900694
1456790400,2016-03-01,427.5,437.78,436.41,433.08,7580.23306278
1456876800,2016-03-02,418.36,435.36,433.03,420.39,7437.60843525
1456963200,2016-03-03,408.63,422.8,420.44,418.8,11833.72087093
1457049600,2016-03-04,405.5,422.21,418.76,407.35,8961.10957184
1457136000,2016-03-05,381.09,408.83,407.38,396.08,14903.33778457
1457222400,2016-03-06,385.01,409.27,396.13,403.24,7676.29322299
1457308800,2016-03-07,395,418.74,403.24,412.21,9910.74424239
1457395200,2016-03-08,407.4,416.33,412.21,411.18,7501.47649557
1457481600,2016-03-09,408.75,414,411.18,412.8,5399.36136204
1457568000,2016-03-10,410.71,416.52,412.64,415.98,7909.17586749
1457654400,2016-03-11,414.97,421,415.98,419.39,7041.45814304
1457740800,2016-03-12,406.52,421.3,419.48,410.58,6897.105099
1457827200,2016-03-13,410.01,416.38,410.56,412.52,4663.32879725
1457913600,2016-03-14,411.61,415.84,412.51,415.02,6672.7126524
1458000000,2016-03-15,412.48,416.94,415.02,415.41,7355.07959993
1458086400,2016-03-16,413,416.39,415.41,416.07,6274.8088109
1458172800,2016-03-17,415.7,419.75,416.06,418.41,6108.4432848
1458259200,2016-03-18,399.21,418.66,418.42,409.65,8597.5867638
1458345600,2016-03-19,404.72,411,409.66,410.2,4840.13357914
1458432000,2016-03-20,409.36,415.34,410.09,411.27,4726.10717472
1458518400,2016-03-21,406.89,412.13,411.25,412,6020.51810823
1458604800,2016-03-22,411,417.79,411.98,416.66,6124.69185606
1458691200,2016-03-23,413.95,418.99,416.66,417.53,5506.91945281
1458777600,2016-03-24,410,417.72,417.53,412.95,5064.58936525
1458864000,2016-03-25,411,416.87,412.86,416.41,4598.6610383
1458950400,2016-03-26,414.37,417.77,416.42,416.97,3641.00285678
1459036800,2016-03-27,416.35,426.5,416.96,425.3,4658.09803054
1459123200,2016-03-28,419.63,425.36,425.29,423,5717.86007067
1459209600,2016-03-29,407.75,424.62,422.92,416.39,7361.85527519
1459296000,2016-03-30,407.56,416.41,416.4,412.79,5831.49360379
1459382400,2016-03-31,412.74,417.6,412.97,416.03,5235.54278385
1459468800,2016-04-01,414.12,417.68,416.03,417.68,5353.92318385
1459555200,2016-04-02,417.04,420.5,417.68,419.95,3952.0183139
1459641600,2016-04-03,418.33,420.8,419.95,420.16,3266.97381272
1459728000,2016-04-04,417.58,421,420.08,419.47,5323.83529462
1459814400,2016-04-05,418.01,423.43,419.48,422.36,5727.68629636
1459900800,2016-04-06,420.61,423,422.4,421.46,5211.96140153
1459987200,2016-04-07,419.41,422.74,421.36,421.99,5026.31118662
1460073600,2016-04-08,415.71,424.65,421.99,419.48,6437.97595515
1460160000,2016-04-09,415.51,419.79,419.48,419.46,3519.98911149
1460246400,2016-04-10,419.46,423.99,419.46,423.4,2990.03664436
1460332800,2016-04-11,420.15,424,423.29,423.94,5093.21825161
1460419200,2016-04-12,423.14,429.77,423.95,427.8,6997.06357807
1460505600,2016-04-13,423.59,429.44,427.8,425.58,5885.07514476
1460592000,2016-04-14,424.52,428,425.58,426.32,4732.22672175
1460678400,2016-04-15,425.72,431.1,426.35,430.93,4184.00939072
1460764800,2016-04-16,429.89,434.89,430.82,433.39,4133.98598682
1460851200,2016-04-17,429.15,434.93,433.69,431,3299.73395797
1460937600,2016-04-18,428.44,434.46,431.08,430.97,5277.32120606
1461024000,2016-04-19,429.22,438.2,430.9,437.06,6226.60528301
1461110400,2016-04-20,436.17,444.07,437.06,442.96,7150.95669528
1461196800,2016-04-21,441.99,453.8,442.87,452.25,7693.43100861
1461283200,2016-04-22,445.07,452.95,452.25,448.41,6814.7817311
1461369600,2016-04-23,447.03,455.84,448.57,455.69,4618.30821378
1461456000,2016-04-24,454.55,465,455.68,464.46,6188.49079492
1461542400,2016-04-25,454.65,472.38,464.47,466.17,9493.32784683
1461628800,2016-04-26,464.01,472.11,466.17,470.59,7471.24056177
1461715200,2016-04-27,434,470.79,470.3,445.31,11629.49770098
1461801600,2016-04-28,434.79,451.88,445.3,451.68,7644.69210461
1461888000,2016-04-29,448.5,459.44,451.67,458.82,5965.09735013
1461974400,2016-04-30,450.13,459.33,458.8,454.02,4710.2895045
1462060800,2016-05-01,451.55,457.07,454.02,456.98,2941.67587876
1462147200,2016-05-02,440.02,457.63,456.98,446.42,7694.20823194
1462233600,2016-05-03,443.61,453.29,446.53,452.21,5892.48138372
1462320000,2016-05-04,446.76,453.23,452.21,448.68,4883.54001476
1462406400,2016-05-05,447,451.56,448.59,449.98,5336.21991152
1462492800,2016-05-06,448.84,463.73,449.99,462.31,6193.77720515
1462579200,2016-05-07,459.55,464,462.31,461.91,3463.8802064
1462665600,2016-05-08,457.5,465,461.91,462.79,3275.57794242
1462752000,2016-05-09,459.41,465.9,462.6,464.16,5882.94056987
1462838400,2016-05-10,448.2,465,464.15,452.78,6814.25705519
1462924800,2016-05-11,452.5,458.65,452.77,454.37,5746.40549365
1463011200,2016-05-12,449.27,456.57,454.56,456.48,6119.04462476
1463097600,2016-05-13,453.84,458.03,456.48,457.98,5404.20702972
1463184000,2016-05-14,456,459.83,457.97,458.9,3295.1997074
1463270400,2016-05-15,458.49,463.62,458.9,461.47,3269.98252507
1463356800,2016-05-16,451.48,461.59,461.48,455.66,6019.17236655
1463443200,2016-05-17,452.2,457.49,455.64,454.19,6033.90842585
1463529600,2016-05-18,453.6,457.88,454.19,455.56,5512.42378222
1463616000,2016-05-19,435,456.41,455.56,438.38,8412.58613924
1463702400,2016-05-20,435.5,445.85,437.91,445.65,7178.735362
1463788800,2016-05-21,441.88,446.99,445.52,446.28,3945.71821234
1463875200,2016-05-22,440.89,446.45,446.27,442.48,3779.58274056
1463961600,2016-05-23,440.79,446.3,442.45,445.67,5659.42935339
1464048000,2016-05-24,440.5,448.5,445.56,446.99,6536.8124736
1464134400,2016-05-25,446.86,452.42,446.98,451.49,6167.95576946
1464220800,2016-05-26,449,454.99,451.45,454.97,5843.88197402
1464307200,2016-05-27,454.35,476.75,454.97,471.27,9888.02648828
1464393600,2016-05-28,470.13,539.49,471.21,523.25,12107.45659727
1464480000,2016-05-29,491.01,549.99,523.35,525.22,9957.52724318
1464566400,2016-05-30,519,541,525.22,532.55,5960.33332201
1464652800,2016-05-31,520.01,544.9,532.56,531.34,8491.97268136
1464739200,2016-06-01,524.39,541.5,531.25,534.84,5736.65283224
1464825600,2016-06-02,531.86,541.2,534.85,537.87,6329.87872329
1464912000,2016-06-03,535.96,578,538.06,571.25,10203.7254522
1464998400,2016-06-04,564.29,594.64,571.09,576.31,6932.07537817
1465084800,2016-06-05,570.22,585,576.31,575.17,4984.2494482
1465171200,2016-06-06,575,588.15,575.17,586.77,6791.26453533
1465257600,2016-06-07,475,590.95,586.75,579.71,10079.83684173
1465344000,2016-06-08,572.96,583.99,579.72,583.21,5661.74917272
1465430400,2016-06-09,574,583.48,583.19,577.46,4979.63044035
1465516800,2016-06-10,573.5,581,577.47,580.31,5659.48661659
1465603200,2016-06-11,580.31,610,580.31,609.5,5542.22525864
1465689600,2016-06-12,605,687.71,609.5,677.86,18004.01737962
1465776000,2016-06-13,663.55,720,677.45,706.01,15497.40307056
1465862400,2016-06-14,650.02,706.45,706.02,684.95,12443.0955638
1465948800,2016-06-15,673,699.3,684.99,698.78,7913.03547125
1466035200,2016-06-16,698.76,777.68,698.76,769.76,16806.85873763
1466121600,2016-06-17,709.01,778.5,769.71,752.26,14007.79895098
1466208000,2016-06-18,734.8,785.15,752,758.99,9594.92358376
1466294400,2016-06-19,744.77,771.92,759,768.76,5442.63878549
1466380800,2016-06-20,701.01,768.94,768.94,703.12,9837.24384715
1466467200,2016-06-21,628.6,718.26,706.47,667.66,26110.68887273
1466553600,2016-06-22,568.11,679.99,667.88,604.5,15592.43638084
1466640000,2016-06-23,544.13,637.89,606.13,631.1,20474.00358887
1466726400,2016-06-24,631.01,700,631.1,669.98,19078.84530672
1466899200,2016-06-26,625.01,675.19,673.71,638.56,5678.38601546
1466985600,2016-06-27,630,659.98,638.56,657.87,6624.33980245
1467072000,2016-06-28,638,663.53,657.86,648.43,5696.74677715
1467158400,2016-06-29,630.02,648.43,648.43,639.42,6485.12685807
1467244800,2016-06-30,635.14,675,639.41,673.49,7764.24646799
1467331200,2016-07-01,667,688.99,673.5,678.19,6839.68854227
1467417600,2016-07-02,676.92,705.21,678.09,704.95,4977.98046916
1467504000,2016-07-03,651,705.25,705.25,663.55,6495.70846259
1467590400,2016-07-04,653.16,683.69,664.09,681.98,4327.4107689
1467676800,2016-07-05,662.51,682.37,681.98,669.87,5043.81182652
1467763200,2016-07-06,665,680.79,669.75,678.79,5668.23807828
1467849600,2016-07-07,611.94,683.44,678.79,641.97,12281.48061343
1467936000,2016-07-08,638.04,667.33,641.97,667.33,11055.36574175
1468022400,2016-07-09,608,667.3,667.07,657.61,9607.6959149
1468108800,2016-07-10,641,657.61,657.6,652.44,3705.89414753
1468195200,2016-07-11,648.11,664.27,652.43,650.97,4815.437046
1468281600,2016-07-12,648.6,675.5,651.25,666.56,10666.08971384
1468368000,2016-07-13,654.86,671.45,666.25,655.34,21882.00922995
1468454400,2016-07-14,640,663.99,655.3,661.65,4649.64369535
1468540800,2016-07-15,660.68,669.98,661.4,667.48,4725.74361249
1468627200,2016-07-16,662.01,669.99,667.48,666.32,2908.02982543
1468713600,2016-07-17,665.95,680.99,666.3,680,3944.42402405
1468800000,2016-07-18,670,684.94,680,675.5,4547.72178477
1468886400,2016-07-19,666.17,676.87,675.51,673.98,3799.77117828
1468972800,2016-07-20,664.6,674.99,673.98,666.92,3603.86279956
1469059200,2016-07-21,661.19,668.4,667.15,667.28,3967.87180841
1469145600,2016-07-22,647.59,669.94,667.27,654.67,7371.96466565
1469232000,2016-07-23,653.92,662.35,654.7,657.5,4379.51140552
1469318400,2016-07-24,655.01,666.37,657.68,661,3423.08122968
1469404800,2016-07-25,653.77,664.13,660.92,657.79,4101.53773839
1469491200,2016-07-26,645,658.99,657.99,654.06,6470.74022151
1469577600,2016-07-27,646.56,658.99,654.06,657.35,5175.14137436
1469664000,2016-07-28,654.1,659.97,657,657.4,3832.98840948
1469750400,2016-07-29,651,659,657.4,657,4246.21269481
1469836800,2016-07-30,652.95,658.98,657.18,655.87,2980.08541508
1469923200,2016-07-31,621.37,657,655.95,626.97,6299.64138309
1470009600,2016-08-01,599,629.34,626.97,605.2,7981.71787362
1470096000,2016-08-02,483,613.38,604.87,537.47,14839.34615984
1470182400,2016-08-03,519.3,576,538.8,573.36,20292.859717
1470268800,2016-08-04,562.11,599.95,573.35,587.5,9514.32837515
1470355200,2016-08-05,570.39,592.87,587.5,583,5478.38879554
1470441600,2016-08-06,574.5,591.72,583,591.71,3907.87281274
1470528000,2016-08-07,587.2,598.65,591.7,595.14,3288.65737176
1470614400,2016-08-08,590,595.99,595.14,591.48,3852.03062424
1470700800,2016-08-09,585.38,594.04,591.58,586.45,4817.62624738
1470787200,2016-08-10,583.29,601.09,586.75,594.94,9439.72597721
1470873600,2016-08-11,585.6,599.99,594.94,587.91,5062.58283783
1470960000,2016-08-12,583.62,590.09,587.9,587.74,3870.89068755
1471046400,2016-08-13,586,589.5,587.68,586.45,2839.70446781
1471132800,2016-08-14,565.19,586.49,586.45,574.99,4154.4769823
1471219200,2016-08-15,561.56,574.97,574.97,567.79,4403.16173516
1471305600,2016-08-16,566.09,581.99,567.85,579.02,4692.46182455
1471392000,2016-08-17,569.67,581.99,579.02,574.45,4509.7743737
1471478400,2016-08-18,573,576.99,574.45,574.09,3964.9989895
1471564800,2016-08-19,572.68,576.99,574.05,573.67,4038.30300064
1471651200,2016-08-20,572.38,583.92,573.68,581.87,3581.22425349
1471737600,2016-08-21,579.34,583.99,581.72,581.29,2442.63374814
1471824000,2016-08-22,579.22,586.99,581.34,585.2,4493.44110907
1471910400,2016-08-23,577.47,586.77,585.19,582.39,5092.27462505
1471996800,2016-08-24,575.29,582.68,582.39,578.47,3857.02318764
1472083200,2016-08-25,573.12,579,578.68,575.58,4109.11256132
1472169600,2016-08-26,574.85,579.86,575.57,579.29,3354.18317104
1472256000,2016-08-27,568.95,579.45,579.29,570.84,3059.49308936
1472342400,2016-08-28,569.65,575.41,570.83,575.41,2587.45426087
1472428800,2016-08-29,571.24,577.73,575.41,573.21,4569.5624841
1472515200,2016-08-30,572.53,576.83,573.21,574.95,4175.84646427
1472601600,2016-08-31,569.21,575.15,574.95,572.89,4439.62383694
1472688000,2016-09-01,568.12,573.31,572.89,573.02,5203.40066602
1472774400,2016-09-02,570,577.97,572.94,576.21,4827.43459895
1472860800,2016-09-03,574.67,600.99,576.41,600.91,4707.9044818
1472947200,2016-09-04,597.52,617.13,600.93,611.92,4592.85098189
1473033600,2016-09-05,601.63,611.99,611.94,605.69,3010.75003224
1473120000,2016-09-06,605.47,612.99,605.93,612.99,4169.69788463
1473206400,2016-09-07,609.21,618.53,612.99,615.21,4680.9577166
1473292800,2016-09-08,613.43,631.3,615.22,627.97,5225.03677269
1473379200,2016-09-09,618.25,628.69,627.97,622.07,4502.86557587
1473465600,2016-09-10,620.59,626.54,622.07,623.74,2819.13150751
1473552000,2016-09-11,591.8,630.11,623.58,607.94,4289.6247761
1473638400,2016-09-12,603,609.45,607.94,606.74,3986.16471563
1473724800,2016-09-13,605.16,609.99,606.86,608.63,3888.07052292
1473811200,2016-09-14,608,611.99,608.39,608.43,3744.74317438
1473897600,2016-09-15,603.33,609.49,608.47,605.44,3965.6919502
1473984000,2016-09-16,603.15,608.1,605.43,607.93,4171.00563277
1474070400,2016-09-17,604,608.99,607.95,607.92,2942.64908837
1474156800,2016-09-18,607.22,611.93,607.92,611.4,3091.45513304
1474243200,2016-09-19,607.4,612.46,611.4,608.6,3096.46853792
1474329600,2016-09-20,605.6,609.92,608.6,605.6,4601.69967614
1474416000,2016-09-21,592.63,605.6,605.6,597,4885.89704059
1474502400,2016-09-22,594.78,598.54,597,596.21,3998.40601014
1474588800,2016-09-23,595.14,603.3,595.99,602.96,3759.0236907
1474675200,2016-09-24,601.08,605.94,602.96,603.68,2646.49759755
1474761600,2016-09-25,599.42,605.99,603.69,601.67,2577.17870414
1474848000,2016-09-26,600.02,607.99,601.67,607.08,4292.32724007
1474934400,2016-09-27,601.38,607.54,607.04,605.71,4345.51888885
1475020800,2016-09-28,603.18,606,605.71,605.04,3710.0120722
1475107200,2016-09-29,603.56,606.89,604.96,605.99,4106.83205706
1475193600,2016-09-30,605,608.99,605.99,608.99,4626.81936993
1475280000,2016-10-01,608.98,617.19,608.99,615.65,3480.01593911
1475366400,2016-10-02,608.66,615.9,615.65,612.4,2911.8918914
1475452800,2016-10-03,610.7,615.24,612.42,612.99,4436.78281505
1475539200,2016-10-04,606.93,613.23,612.99,610.34,5060.86312789
1475625600,2016-10-05,609.22,614.24,610.33,613.16,4454.40369502
1475712000,2016-10-06,610.3,613.39,613.16,611.88,3920.07531583
1475798400,2016-10-07,609.89,618.7,611.78,617.98,5119.98889954
1475884800,2016-10-08,617.55,620,618.11,619.5,2793.95535361
1475971200,2016-10-09,617,619.59,619.46,617.42,2329.86207734
1476057600,2016-10-10,615.46,619.2,617.43,618.72,3896.59582637
1476144000,2016-10-11,618.13,647.03,618.72,642.12,6316.50262935
1476230400,2016-10-12,631.91,643.58,642.3,635.79,4334.7387028
1476316800,2016-10-13,632,639.85,635.9,635.66,3845.21461185
1476403200,2016-10-14,624.08,639.99,635.8,638.03,4365.86702469
1476489600,2016-10-15,636,639.99,638.03,638.16,683.79807092
1476576000,2016-10-16,637.87,643.91,638.16,641.92,2547.64969894
1476662400,2016-10-17,636.27,643.47,642.1,639.56,3950.24167083
1476748800,2016-10-18,632.15,640,639.56,635.11,4126.80597819
1476835200,2016-10-19,625.6,636.99,635.12,629.79,4465.14828834
1476921600,2016-10-20,626.01,629.99,629.79,628.05,4170.46626703
1477008000,2016-10-21,627.5,633.41,628.19,630.83,4162.76985048
1477094400,2016-10-22,629.32,658,630.67,652.75,4586.7845212
1477180800,2016-10-23,645.33,655.8,653.03,651.04,3075.73956709
1477267200,2016-10-24,645.81,652.93,651.05,649.98,3670.49141848
1477353600,2016-10-25,648.99,657.5,649.98,654.3,4814.88839172
1477440000,2016-10-26,652.51,678,654.3,674,5843.50141279
1477526400,2016-10-27,673.54,692.41,674,691.21,6771.85374768
1477612800,2016-10-28,683.2,691.19,691.01,689.95,4409.98654001
1477699200,2016-10-29,689.39,725.64,689.95,714.28,6583.49896892
1477785600,2016-10-30,692.04,714.98,714.28,697.41,3799.52235609
1477872000,2016-10-31,681.01,709.68,697.39,696.9,4474.8670547
1477958400,2016-11-01,695.74,737.5,697.07,730.7,6909.18196562
1478044800,2016-11-02,720,744.6,730.7,744.6,5096.8408538
1478131200,2016-11-03,672.06,746.16,744.61,690,10331.34963833
1478217600,2016-11-04,683.8,708.33,690,706.32,5229.21994603
1478304000,2016-11-05,697.72,707.99,706.05,706.99,2999.21458017
1478390400,2016-11-06,705.86,719.83,706.98,717.02,3013.17627869
1478476800,2016-11-07,701.35,717.32,717.04,706.42,4168.78736342
1478563200,2016-11-08,704.16,716.45,706.41,711.15,4361.51958288
1478649600,2016-11-09,710.05,747.26,711.3,720.97,12022.23320968
1478736000,2016-11-10,705.84,723.61,721,712.91,4441.88391256
1478822400,2016-11-11,712.5,718.99,713,716.9,3363.91577496
1478908800,2016-11-12,702.42,716.99,716.56,704.53,3130.22057213
1478995200,2016-11-13,685.7,705.94,704.63,704.01,4207.77586806
1479081600,2016-11-14,695.07,708.57,704.01,708.32,4818.75334881
1479168000,2016-11-15,671.23,716.3,708.4,712.29,4793.81248351
1479254400,2016-11-16,710,743.8,711.92,739.85,6194.50292689
1479340800,2016-11-17,729.01,750.01,738.07,730.71,4171.50353425
1479427200,2016-11-18,728.89,751,729.61,748.54,4633.63714554
1479513600,2016-11-19,738,752.3,748.55,750.77,2953.71110824
1479600000,2016-11-20,715,753.81,750.77,731.99,4322.12503603
1479686400,2016-11-21,730,738.47,731.72,736.4,2984.94365792
1479772800,2016-11-22,726.38,748.77,736.39,746.66,4276.8415765
1479859200,2016-11-23,734,747.12,746.66,741.52,3626.95652139
1479945600,2016-11-24,727,743.99,741.51,737.99,3472.6009038
1480032000,2016-11-25,729,739.99,737.99,739.74,3157.80610663
1480118400,2016-11-26,726,739.98,739.51,735.7,2706.77529551
1480204800,2016-11-27,728.01,737.95,735.69,729.24,2682.66166264
1480291200,2016-11-28,729,736.44,729.24,729.77,3864.89359081
1480377600,2016-11-29,728.2,734.36,730.18,732.37,3807.46258906
1480464000,2016-11-30,729.17,745,732.44,742.69,3949.90287585
1480550400,2016-12-01,741.59,754.9,742.51,754,4190.18991165
1480636800,2016-12-02,753.53,780,754,769.25,6041.03445262
1480723200,2016-12-03,759,771.92,769.78,766.98,3180.08205342
1480809600,2016-12-04,762.83,769.76,766.86,767.99,2759.91257043
1480896000,2016-12-05,748.6,767.99,767.94,752,4823.73102661
1480982400,2016-12-06,752,761.58,752.01,759.8,4499.07355133
1481068800,2016-12-07,750.26,768.9,759.93,764.34,4572.32014076
1481155200,2016-12-08,761.71,772.82,764.34,767.89,4839.32827769
1481241600,2016-12-09,765.97,773.22,767.9,773.22,3932.49789277
1481328000,2016-12-10,770,776.99,773.15,775.87,3365.89926147
1481414400,2016-12-11,765,776.08,776.05,771.05,3105.09201254
1481500800,2016-12-12,770.88,782,771.05,778.94,4390.03689871
1481587200,2016-12-13,772.76,790.34,779.26,776.18,5414.74074479
1481673600,2016-12-14,773.2,781.8,776.65,777.66,4486.58460305
1481760000,2016-12-15,775,780,777.66,776.16,5927.48786136
1481846400,2016-12-16,774.8,785,776.16,780.98,5719.66238907
1481932800,2016-12-17,779.5,791.97,780.85,788.57,4364.33037091
1482019200,2016-12-18,787.19,791.96,788.98,790.72,2847.04584842
1482105600,2016-12-19,789,794.99,790.71,790.81,5496.38381127
1482192000,2016-12-20,788.58,799.21,791,798.99,5925.20060127
1482278400,2016-12-21,798.88,834.5,798.98,834.5,8442.94664959
1482364800,2016-12-22,832.38,875.75,834.15,856.02,8778.21064087
1482451200,2016-12-23,855.45,918.5,856.45,917.26,12735.18421092
1482537600,2016-12-24,880.1,918.19,917.28,891.5,6458.02976682
1482624000,2016-12-25,851.11,897.4,891.59,896.12,5380.14745659
1482710400,2016-12-26,890,908.24,895.94,902.09,3297.92235509
1482796800,2016-12-27,895,943.36,902.08,925.2,6719.94923102
1482883200,2016-12-28,923.95,983.46,925.28,982.17,9792.34683129
1482969600,2016-12-29,950.5,988.88,982.25,970.72,8997.85901622
1483056000,2016-12-30,930.3,970.51,970.51,960.81,7945.76302017
1483142400,2016-12-31,949,973.37,961.52,973.37,3837.28788592
1483228800,2017-01-01,964.37,1000,973.37,992.95,4421.50288283
1483315200,2017-01-02,990.52,1034.39,992.96,1011.45,7723.63575162
1483401600,2017-01-03,1006.71,1036.99,1011.52,1020.67,8615.26005814
1483488000,2017-01-04,1018,1147,1020.69,1130.3,16222.23026666
1483574400,2017-01-05,880,1175,1131.1,1007,20446.40561546
1483660800,2017-01-06,875.01,1033.85,1007,895.71,14274.25920626
1483747200,2017-01-07,802.07,910,895.78,909,11217.17862761
1483833600,2017-01-08,899.16,953.8,908.99,923.33,5410.00349909
1483920000,2017-01-09,886.42,923.58,922.04,902.66,5909.57812167
1484006400,2017-01-10,899.01,915.1,902.66,907,7226.04044665
1484092800,2017-01-11,765,923.98,906.81,795.77,19443.63528428
1484179200,2017-01-12,734.64,840,795.8,812.25,13200.46287512
1484265600,2017-01-13,782.85,835.01,812.25,831.42,10492.67371002
1484352000,2017-01-14,822.34,847.52,831.42,828,4774.33377561
1484438400,2017-01-15,819,835,828,833.31,2941.91504862
1484524800,2017-01-16,826.03,840,833.43,834.41,3428.89193045
1484611200,2017-01-17,830.1,909,834.4,906,7253.4885706
1484697600,2017-01-18,850,916.7,906.09,887.99,6937.98652365
1484784000,2017-01-19,883.08,907,887.98,902.92,5070.18463001
1484870400,2017-01-20,890,904.59,902.92,894.31,3110.58974194
1484956800,2017-01-21,891.28,930,894.31,925.06,4666.66088887
1485043200,2017-01-22,902,946.25,925.06,931.22,5044.15354801
1485129600,2017-01-23,910.63,931.33,929.45,910.7,4142.93227389
1485216000,2017-01-24,880,923,911.78,887,6401.73515269
1485302400,2017-01-25,886.99,903.98,887,896,4535.10457614
1485388800,2017-01-26,896,921.95,896.75,917.02,4718.08253344
1485475200,2017-01-27,911,924.47,917.02,922.63,3719.06548579
1485561600,2017-01-28,921.81,925.5,922.89,924.98,2634.53799739
1485648000,2017-01-29,915,927.47,924.69,916.54,2592.34365375
1485734400,2017-01-30,914.69,923.95,916.56,923.23,3622.27666203
1485820800,2017-01-31,922.94,972.3,923.26,970.01,6733.34318664
1485907200,2017-02-01,963.84,992.75,970.01,992.75,5993.62596645
1485993600,2017-02-02,978.74,1010,992.75,1008.38,5728.21238077
1486080000,2017-02-03,994.34,1024.5,1008.4,1018,6776.26971846
1486166400,2017-02-04,1001.8,1044.12,1018.48,1035.54,4793.80522616
1486252800,2017-02-05,1003.02,1036.3,1035.54,1016.32,4621.39169086
1486339200,2017-02-06,1014.64,1027.7,1016.32,1022.58,4367.25829503
1486425600,2017-02-07,1021.75,1058.26,1022.65,1053.96,5492.40880901
1486512000,2017-02-08,1016.49,1069.95,1053.95,1056.7,6979.97233106
1486598400,2017-02-09,925,1079,1057.22,994.24,16569.65090403
1486684800,2017-02-10,961,1008,993.58,1001.99,7943.72633682
1486771200,2017-02-11,995.49,1023.89,1001.88,1018.65,4321.97059564
1486857600,2017-02-12,1008,1018.88,1018.63,1010,1315.7295579
1486944000,2017-02-13,985.68,1021.5,1009.99,1002.82,4721.75058283
1487030400,2017-02-14,992.27,1018.97,1002.88,1013.92,5910.49032795
1487116800,2017-02-15,1007.66,1016,1013.92,1014.53,4494.35016842
1487203200,2017-02-16,1013.02,1041.88,1014.58,1038.94,5996.29323251
1487289600,2017-02-17,1036.29,1064.6,1038.95,1057.3,6334.69845378
1487376000,2017-02-18,1055.6,1073.8,1057.29,1062.15,3934.74788542
1487462400,2017-02-19,1051.26,1067.78,1062.14,1059.88,3025.41424506
1487548800,2017-02-20,1051.36,1095,1059.88,1089.82,4434.4419852
1487635200,2017-02-21,1081.95,1132.95,1089.98,1128.29,7487.52401771
1487721600,2017-02-22,1104.9,1140,1129.67,1128.71,6035.82346759
1487808000,2017-02-23,1128.22,1197,1129.87,1186.9,7574.4599592
1487894400,2017-02-24,1103.32,1221.93,1185.81,1186.91,12746.94744846
1487980800,2017-02-25,1110,1189.49,1186.91,1158,6033.90242829
1488067200,2017-02-26,1130.88,1187.33,1157.98,1184.91,4454.44399496
1488153600,2017-02-27,1176,1198.99,1184.91,1195.81,5776.45621667
1488240000,2017-02-28,1179.64,1214.94,1195.84,1195.08,6720.38236942
1488326400,2017-03-01,1085.71,1230,1194.53,1230,8122.93568298
1488412800,2017-03-02,1220,1298.61,1230,1269.17,8940.28335112
1488499200,2017-03-03,1255.61,1294.99,1269.17,1292.86,8290.63821009
1488585600,2017-03-04,1226.41,1294.48,1293.06,1273.97,6385.03090633
1488672000,2017-03-05,1247.11,1278.99,1273.94,1278.98,3996.81717973
1488758400,2017-03-06,1268.78,1288,1278.63,1284.99,4763.57331155
1488844800,2017-03-07,1050,1288,1284.99,1237.36,10811.13480336
1488931200,2017-03-08,1128,1246,1237.36,1150.22,13024.97292998
1489017600,2017-03-09,1131.11,1214.95,1150.22,1197.3,8524.46513332
1489104000,2017-03-10,956.85,1360,1197.3,1109.01,25699.70747898
1489190400,2017-03-11,1107,1219,1111.92,1188.11,10281.23814954
1489276800,2017-03-12,1150,1244,1188.11,1235.58,6729.15133551
1489363200,2017-03-13,1206,1249,1235.27,1245.49,9584.41601345
1489449600,2017-03-14,1213.55,1262,1245.5,1247.42,7464.25969536
1489536000,2017-03-15,1240,1264.55,1247.43,1263,7273.3089643
1489622400,2017-03-16,1117.77,1277.27,1263.55,1175.11,16599.28971021
1489708800,2017-03-17,1065.74,1175.11,1175.11,1069.57,19222.89558418
1489795200,2017-03-18,919.44,1096,1068.78,970,23968.77126486
1489881600,2017-03-19,961.59,1062.92,970,1019.49,13518.38951375
1489968000,2017-03-20,1011,1051.97,1019.1,1044.96,8919.41542151
1490054400,2017-03-21,1042.68,1120,1046.75,1114.42,12493.158303386517
1490140800,2017-03-22,985.17,1114.96,1114.42,1034.57,14577.910023502238
1490227200,2017-03-23,1013,1057.41,1038.94,1025.14,7782.58744987
1490313600,2017-03-24,920.1,1030.3,1025.13,934.87,19003.40525575
1490400000,2017-03-25,890.05,973.99,933.93,963.72,16665.09971431
1490486400,2017-03-26,943.9,1005,963.72,973.08,9504.75859053
1490572800,2017-03-27,961.1,1045.9,973.97,1042.08,10235.89059265
1490659200,2017-03-28,1016.25,1069.39,1042.27,1045.4,9055.35196409
1490745600,2017-03-29,1005.77,1058.16,1045.54,1043.27,8676.30276913
1490832000,2017-03-30,1022,1052.94,1043.09,1042.34,8312.81365608
1490918400,2017-03-31,1038.11,1094.49,1042.32,1088.99,11274.0990776
1491004800,2017-04-01,1071.45,1110.95,1088.99,1092,6726.97042802
1491091200,2017-04-02,1080,1119,1092,1113.99,7882.35425504
1491177600,2017-04-03,1112.24,1168.72,1113.23,1152.6,12694.07860904
1491264000,2017-04-04,1124.98,1164.14,1152.09,1143.99,8960.55337266
1491350400,2017-04-05,1114.9,1144.99,1143.98,1132.99,8705.92018413
1491436800,2017-04-06,1132.98,1206.97,1132.99,1192.3,11233.49672084
1491523200,2017-04-07,1175.26,1203,1192.29,1194,6984.36797928
1491609600,2017-04-08,1170,1198,1194,1184.5,4423.10758142
1491696000,2017-04-09,1175.8,1221,1184.5,1210.97,5819.87128162
1491782400,2017-04-10,1201,1219.78,1210.99,1210,5644.96147616
1491868800,2017-04-11,1200,1234,1210,1223.99,5481.08329834
1491955200,2017-04-12,1209.61,1227.86,1224,1214.17,6494.15156162
1492041600,2017-04-13,1148.98,1219.49,1214.68,1177.05,9426.5374569
1492128000,2017-04-14,1170.14,1196.92,1177.05,1173.74,5666.3149436
1492214400,2017-04-15,0.06,1190.99,1173.13,1178.85,3972.00314582
1492300800,2017-04-16,1171.7,1189.93,1178.84,1177.99,3084.52503854
1492387200,2017-04-17,1170.85,1197.6,1177.63,1189.91,6548.06656297
1492473600,2017-04-18,1189.76,1206.65,1190.95,1201.94,6269.90926487
1492560000,2017-04-19,1191.09,1215.32,1201.88,1214.21,6273.61537614
1492646400,2017-04-20,1212.01,1240.6,1214.22,1236.15,7747.22509693
1492819200,2017-04-22,1221.51,1253,1249.98,1247,6147.34768133
1492905600,2017-04-23,1236.2,1254,1246.79,1251.98,5023.52597801
1492992000,2017-04-24,1246.31,1261.16,1251.91,1257.29,5906.25903817
1493078400,2017-04-25,1256.16,1287,1256.65,1281.16,8117.86793375
1493164800,2017-04-26,1279.5,1320,1281.18,1298.44,9597.58080942
1493251200,2017-04-27,1295.39,1360,1297.56,1349.26,10484.92361594
1493337600,2017-04-28,1300.2,1381.01,1349.77,1353.34,14008.47741677
1493424000,2017-04-29,1335.64,1369.5,1352.96,1365.43,9669.26577868
1493510400,2017-04-30,1334.02,1394.51,1364.98,1384.55,10543.183517
1493596800,2017-05-01,1370.98,1466.69,1384.55,1436.5,16992.30099696
1493683200,2017-05-02,1426.51,1492.93,1436.5,1471.99,12031.58419061
1493769600,2017-05-03,1453.68,1533,1471.79,1533,16319.00509692
1493856000,2017-05-04,1482.06,1665,1533,1563.39,26721.20592273
1493942400,2017-05-05,1535.11,1630,1561.47,1551.3,16888.18805884
1494028800,2017-05-06,1551.3,1598.89,1551.3,1585.39,9367.70501254
1494115200,2017-05-07,1563.87,1618.31,1585.49,1609.57,11737.5699792
1494201600,2017-05-08,1608,1713,1611.1,1713,15894.92006435
1494288000,2017-05-09,1630,1794.7,1712.99,1720.43,19878.9688314
1494374400,2017-05-10,1691.3,1799.99,1720.24,1794.99,13458.24717656
1494460800,2017-05-11,1770.95,1889,1794.95,1837.93,15726.10460336
1494547200,2017-05-12,1651.01,1838,1837.98,1695.61,16527.80375242
1494633600,2017-05-13,1610,1792.96,1695.56,1792.73,12379.99373457
1494720000,2017-05-14,1763.33,1829,1791.7,1799.99,6806.48511914
1494806400,2017-05-15,1702.42,1802.99,1799.98,1747.81,10191.85424893
1494892800,2017-05-16,1690.14,1777.76,1747.81,1777.48,11414.50874225
1494979200,2017-05-17,1745.05,1840,1777.49,1813.23,13813.22143771
1495065600,2017-05-18,1800,1900,1813.23,1899.16,11391.00937384
1495152000,2017-05-19,1890.73,1980,1899.47,1976.23,18971.77074076
1495238400,2017-05-20,1970.04,2059,1976.22,2058.91,13176.28271359
1495324800,2017-05-21,1988.6,2102.68,2058.89,2057,17762.48439112
1495411200,2017-05-22,1975,2298,2056.99,2123.29,29431.53634619
1495497600,2017-05-23,2100.86,2283,2123.29,2272.75,17640.94851589
1495584000,2017-05-24,2266.51,2474.69,2272.74,2432.97,24659.73425375
1495670400,2017-05-25,2226.86,2806,2432.96,2355,37194.83761353
1495756800,2017-05-26,2052.01,2683.18,2362.17,2272.7,31755.902624
1495843200,2017-05-27,1913.19,2353.35,2276.46,2099.99,32466.17123427
1495929600,2017-05-28,2099.86,2342.99,2099.99,2232.78,18342.68197108
1496016000,2017-05-29,2141.12,2357.86,2237,2279.48,16926.34457276
1496102400,2017-05-30,2112.31,2336.88,2279.18,2191.58,20915.9999948
1496188800,2017-05-31,2173.8,2338.91,2191.6,2303.29,21726.930856
1496275200,2017-06-01,2302,2488,2303.61,2419.99,21390.33504326
1496361600,2017-06-02,2379.44,2478.99,2419.98,2478.99,12890.65884371
1496448000,2017-06-03,2448,2599,2478.99,2548.05,13441.88879769
1496534400,2017-06-04,2469.98,2556.1,2548.3,2521.36,13820.79309963
1496620800,2017-06-05,2517.02,2698,2521.43,2698,13599.76890434
1496707200,2017-06-06,2674.69,2938.55,2698,2871.29,28609.64698371
1496793600,2017-06-07,2598.7,2885,2871.29,2685.64,19476.18369094
1496880000,2017-06-08,2611.41,2808.78,2690.02,2799.73,13453.68915971
1496966400,2017-06-09,2786.2,2861.58,2799.76,2811.39,11440.33561555
1497052800,2017-06-10,2801.25,2942.04,2811.37,2931.15,18734.85190549
1497139200,2017-06-11,2881,2998.99,2931.16,2998.98,16295.4930364
1497225600,2017-06-12,2463.89,2999.99,2998.98,2655.71,38941.18214331
1497312000,2017-06-13,2649.47,2798.99,2654.36,2709.01,19716.97419151
1497398400,2017-06-14,2330,2827,2709.02,2432.21,28257.13485767
1497484800,2017-06-15,2050,2525,2432.21,2409.98,42025.04188091
1497571200,2017-06-16,2287.84,2524.65,2409.98,2480.43,21891.95771822
1497657600,2017-06-17,2413.96,2679.24,2480.44,2634.94,17601.3141096
1497744000,2017-06-18,2455.01,2670,2634.94,2515.25,13831.60864849
1497830400,2017-06-19,2481.92,2597,2515.25,2596.98,13928.55868512
1497916800,2017-06-20,2585.42,2776.95,2596.99,2725.08,19230.12622071
1498003200,2017-06-21,2559.51,2781.59,2725.11,2643.35,18065.09195302
1498089600,2017-06-22,2598,2724.69,2643.33,2679.99,12179.55378226
1498176000,2017-06-23,2665,2743,2679.93,2690.76,9674.14014661
1498262400,2017-06-24,2503.05,2718.37,2690.76,2574.84,12808.47796498
1498348800,2017-06-25,2430.05,2625,2574.86,2505.61,13739.17133582
1498435200,2017-06-26,2258.34,2563.9,2505.61,2407.91,20262.76215295
1498521600,2017-06-27,2264,2575.75,2407.91,2575.75,22151.51962082
1498608000,2017-06-28,2457,2605,2573.22,2553.12,16240.95462101
1498694400,2017-06-29,2506.1,2591.98,2553.13,2530,9048.16102048
1498780800,2017-06-30,2446.2,2554.01,2531.16,2455.19,11860.9594359
1498867200,2017-07-01,2400,2515,2455.19,2423.63,8448.08879856
1498953600,2017-07-02,2385,2545,2424.08,2516.66,9098.28919886
1499040000,2017-07-03,2479.75,2584.78,2515.37,2542.41,10045.8328211
1499126400,2017-07-04,2542.18,2636.1,2542.41,2602,10680.56522172
1499212800,2017-07-05,2551.06,2630.24,2602,2616.96,10183.63010323
1499299200,2017-07-06,2580.69,2623.54,2616.96,2604.84,8207.99657687
1499385600,2017-07-07,2472,2607.61,2604.89,2501.15,11640.78157115
1499472000,2017-07-08,2471.22,2563.5,2501.15,2561.11,7869.88131277
1499558400,2017-07-09,2500,2579.84,2560.84,2508.99,5647.43426949
1499644800,2017-07-10,2250,2523,2508,2331.05,15554.0050949
1499731200,2017-07-11,2265,2410,2330.93,2310.01,15670.55064724
1499817600,2017-07-12,2250,2415,2310,2383.42,13834.47197463
1499904000,2017-07-13,2308.14,2416.79,2384.35,2340,9541.53943311
1499990400,2017-07-14,2150,2349.28,2340,2217.24,13549.1778099
1500076800,2017-07-15,1964.31,2224.82,2217.02,1964.31,16334.68864717
1500163200,2017-07-16,1758.2,2043.94,1964.33,1911.78,21740.89274035
1500249600,2017-07-17,1909.58,2238.07,1911.79,2235.19,21436.7645371
1500336000,2017-07-18,2134.37,2393.43,2235.14,2308.15,23795.59414253
1500422400,2017-07-19,2216,2396,2307.48,2258.99,18567.47611252
1500508800,2017-07-20,2258.99,2957,2258.99,2873.48,36509.30587417
1500595200,2017-07-21,2608.27,2880,2873.45,2657.45,23062.18542954
1500681600,2017-07-22,2646.95,2869.88,2661.05,2825.27,12225.61763679
1500768000,2017-07-23,2691,2848,2825.27,2754.28,10194.97475019
1500854400,2017-07-24,2726.8,2799.2,2755.19,2762.26,8105.64511248
1500940800,2017-07-25,2449.69,2782.44,2761.68,2564,19195.82260736
1501027200,2017-07-26,2403,2614,2564,2525.99,13019.03454142
1501113600,2017-07-27,2514.1,2686.2,2525.98,2664.99,10034.52706572
1501200000,2017-07-28,2655.55,2825.11,2664.99,2786.07,17189.24674204
1501286400,2017-07-29,2656,2790.99,2786.07,2700.21,9860.13224068
1501372800,2017-07-30,2500,2739.98,2700.2,2723.99,8460.182768
1501459200,2017-07-31,2700,2900,2723.99,2856.88,11462.1802407
1501545600,2017-08-01,2676.01,2925,2856.89,2732.59,9772.96947501
1501632000,2017-08-02,2650,2758.06,2731.6,2699.9,8422.27537735
1501718400,2017-08-03,2699.89,2799,2699.9,2787.02,7425.95745626
1501804800,2017-08-04,2760,2877.79,2787.05,2857.34,7714.98047973
1501891200,2017-08-05,2857.34,3335,2857.34,3243.49,21614.60061123
1501977600,2017-08-06,3150,3278.42,3243.5,3222.22,8666.20078218
1502064000,2017-08-07,3190,3416,3222.22,3398.23,11325.4162028
1502150400,2017-08-08,3349.91,3489,3398.23,3422.43,16014.00638269
1502236800,2017-08-09,3232.62,3428.29,3423.28,3342.8,13076.14627076
1502323200,2017-08-10,3317,3448,3342.8,3444.98,9348.35914865
1502409600,2017-08-11,3416.86,3725,3444.98,3656.15,15315.75236128
1502496000,2017-08-12,3622.87,3974,3656.14,3874,18972.1433559
1502582400,2017-08-13,3850,4200,3874,4060.47,23522.1419857
1502668800,2017-08-14,3985.01,4328,4060.47,4320.6,20059.96196841
1502755200,2017-08-15,3807.14,4434.42,4320.53,4159.93,32018.16155552
1502841600,2017-08-16,3928.82,4385.5,4159.93,4370.01,17969.62620634
1502928000,2017-08-17,4180,4469,4370.01,4280.01,19980.89160504
1503014400,2017-08-18,3960.47,4350,4280.01,4101.72,20823.05141554
1503100800,2017-08-19,4000,4186.1,4101.72,4157.41,10502.74082464
1503187200,2017-08-20,4044.52,4190.21,4157.41,4050.99,8331.87235879
1503273600,2017-08-21,3950.88,4089.99,4050.99,4002,12417.65707555
1503360000,2017-08-22,3583.46,4145,4002,4092,21922.49731034
1503446400,2017-08-23,4058.26,4247.88,4092,4143.49,11746.0041498
1503532800,2017-08-24,4112.76,4349.99,4142.5,4312.03,10247.98420911
1503619200,2017-08-25,4284.01,4453.9,4312.03,4360,10918.77972836
1503705600,2017-08-26,4260.01,4374.39,4360,4344.32,6146.47876206
1503792000,2017-08-27,4309.87,4392,4344.32,4340.11,7041.34420177
1503878400,2017-08-28,4200,4396,4343.5,4384.99,10452.60382073
1503964800,2017-08-29,4350,4656.83,4384.99,4599,14509.95812379
1504051200,2017-08-30,4500.55,4635.21,4599.01,4581.98,10383.4343046
1504137600,2017-08-31,4580.84,4769.03,4581.98,4743.94,13628.46777811
1504224000,2017-09-01,4706,4948,4743.94,4947.99,16762.80580838
1504310400,2017-09-02,4500,4980,4948,4649.99,19577.18874549
1504396800,2017-09-03,4524,4749.99,4642.39,4626.05,11569.36076538
1504483200,2017-09-04,4234.16,4628.05,4626.05,4498.25,20518.88448285
1504569600,2017-09-05,4242.38,4514.95,4498.46,4432.51,17315.43019201
1504656000,2017-09-06,4431,4692,4432.51,4616.18,16174.30433105
1504742400,2017-09-07,4475.01,4665.44,4616.18,4624.18,8455.04147983
1504828800,2017-09-08,4140,4679.99,4624.18,4350,22102.7184586
1504915200,2017-09-09,4180,4449.95,4350,4334.36,10073.89558667
1505001600,2017-09-10,4139,4349.99,4334.36,4251.36,10078.69985674
1505088000,2017-09-11,4111.14,4365,4251.36,4210.72,9068.25507562
1505174400,2017-09-12,4080,4375.37,4210.72,4164.52,12373.3985777
1505260800,2017-09-13,3726,4174.53,4164.52,3855.32,22842.53225552
1505347200,2017-09-14,3230.05,3923,3855.61,3250.4,36363.92501211
1505433600,2017-09-15,2975.01,3894.48,3249.99,3740.02,54488.48241948
1505520000,2017-09-16,3600,4042.98,3740.02,3726.51,19031.68597217
1505606400,2017-09-17,3475.64,3841,3726.51,3719.97,11718.88020167
1505692800,2017-09-18,3717.56,4130,3719.98,4100,16906.72338998
1505779200,2017-09-19,3850.44,4125.22,4100,3910.11,13781.15538642
1505865600,2017-09-20,3850.01,4044,3910.11,3872.06,9910.40111429
1505952000,2017-09-21,3571,3903.57,3872.07,3617.47,14978.48542601
1506038400,2017-09-22,3509.79,3767.77,3617.47,3619.01,12649.02130076
1506124800,2017-09-23,3580,3818.89,3619.01,3787.33,6595.93530667
1506211200,2017-09-24,3630.01,3789.36,3787.33,3669.01,4692.79090244
1506297600,2017-09-25,3669.01,3969.37,3669.01,3919.78,9583.73758911
1506384000,2017-09-26,3854.29,3960,3919.98,3885.09,5893.22353833
1506470400,2017-09-27,3880.36,4228.39,3885.09,4200,12072.66869574
1506556800,2017-09-28,4122,4269.95,4200,4189.42,7903.94689054
1506643200,2017-09-29,4015.17,4212.99,4189.42,4156.99,10360.83388071
1506729600,2017-09-30,4143.52,4356.28,4156.99,4339,6235.07845604
1506816000,2017-10-01,4256.92,4396.99,4339.01,4394.81,5366.91196997
1506902400,2017-10-02,4354.23,4470,4394.81,4392.71,8647.75799194
1506988800,2017-10-03,4240,4419.95,4392.71,4307.99,10606.10621945
1507075200,2017-10-04,4175.3,4344,4307.99,4214.84,6555.27096872
1507161600,2017-10-05,4150.01,4365.21,4214.84,4320.04,6482.32778439
1507248000,2017-10-06,4299.99,4407,4320.02,4362.99,6441.72560363
1507334400,2017-10-07,4320,4449.42,4363,4425,4178.25089288
1507420800,2017-10-08,4420.01,4612,4425,4603.49,7159.77178341
1507507200,2017-10-09,4561,4875.39,4603.5,4769.55,14273.86832882
1507593600,2017-10-10,4701.53,4925.65,4769.55,4750,13709.70806252
1507680000,2017-10-11,4720.21,4869.97,4750,4814.99,7238.87876179
1507766400,2017-10-12,4809.59,5440.92,4814.99,5440,20097.68845511
1507852800,2017-10-13,5390,5867,5440,5624.8,26597.9752588
1507939200,2017-10-14,5567.86,5839.8,5624.87,5819.13,8999.20367594
1508025600,2017-10-15,5455.5,5849.83,5819.13,5693.7,11817.32828781
1508112000,2017-10-16,5575.55,5785.3,5693.7,5754.9,8820.66040004
1508198400,2017-10-17,5525,5769.99,5754.9,5594,9121.4068495
1508284800,2017-10-18,5102,5600,5593.97,5574.44,17620.49150442
1508371200,2017-10-19,5529.44,5750,5574.02,5704.01,8908.55652227
1508457600,2017-10-20,5630,6063.99,5704,5989.1,16708.981564
1508544000,2017-10-21,5868.26,6189.1,5989.1,6024.86,14614.73525277
1508630400,2017-10-22,5755.95,6082.3,6024.85,6005.05,10770.42951293
1508716800,2017-10-23,5650.98,6057.02,6005.05,5905.99,16446.78333056
1508803200,2017-10-24,5462.19,5906,5906,5525.43,18281.54006372
1508889600,2017-10-25,5376.71,5765,5525.43,5739.97,14136.58125946
1508976000,2017-10-26,5701,6000,5739.97,5891.61,11850.82718824
1509062400,2017-10-27,5708.8,5998,5891.61,5780,9337.84412481
1509148800,2017-10-28,5715,5894,5780,5752.01,5453.79798889
1509235200,2017-10-29,5728,6298.99,5752.01,6140.01,12509.85515088
1509321600,2017-10-30,6028,6200,6140.01,6124.16,8341.53244599
1509408000,2017-10-31,6095.96,6472.13,6124.16,6445.01,15024.49558504
1509494400,2017-11-01,6363.59,6784,6445.01,6783.69,20571.58188569
1509580800,2017-11-02,6759,7445,6783.69,7039.98,35889.38819701
1509667200,2017-11-03,6955.89,7449.99,7039.99,7170.01,24759.33130603
1509753600,2017-11-04,7011.1,7498,7170.01,7412.55,13668.92328073
1509840000,2017-11-05,7310,7630,7412.35,7392,16504.95764862
1509926400,2017-11-06,6900.73,7432.49,7391.95,6969.76,24287.52091386
1510012800,2017-11-07,6968.49,7232.84,6969.76,7126.63,14505.79432211
1510099200,2017-11-08,7031.66,7898,7128.99,7467.96,38184.63758966
1510185600,2017-11-09,7079,7470.01,7467.97,7156,18059.36167926
1510272000,2017-11-10,6426,7350,7156,6577.62,34072.93239507
1510358400,2017-11-11,6201.01,6894.99,6577.63,6346.7,25651.2940802
1510444800,2017-11-12,5511.11,6486,6346.64,5886.35,52487.43253081
1510531200,2017-11-13,5850,6841.45,5886.35,6535.87,36435.45627543
1510617600,2017-11-14,6450,6748,6535.87,6605,20256.43299376
1510704000,2017-11-15,6605,7349,6605,7294,27878.77629558
1510790400,2017-11-16,7130,7985.37,7294,7838.53,29352.77615064
1510876800,2017-11-17,7536,7988.5,7838.54,7714.71,25045.6530014
1510963200,2017-11-18,7502,7847.98,7714.7,7777.01,14707.53684425
1511049600,2017-11-19,7700,8098.62,7777.01,8031.82,14765.96963561
1511136000,2017-11-20,7969,8293.25,8031.83,8256.01,15693.26060594
1511222400,2017-11-21,7802.99,8375,8256.01,8109,31256.2619911
1511308800,2017-11-22,8103.13,8298.98,8109,8250,13690.8317595
1511395200,2017-11-23,8031.16,8274.98,8250,8031.16,11919.91670069
1511481600,2017-11-24,7900,8324,8031.16,8215.01,14748.71323788
1511568000,2017-11-25,8203.98,8795.5,8215.01,8795.5,16482.32785846
1511654400,2017-11-26,8795.5,9596,8795.5,9401.11,28641.69759252
1511740800,2017-11-27,9401,9795,9401.11,9768.71,25683.3262464
1511827200,2017-11-28,9705.99,9989.95,9768.71,9949,18960.42673846
1511913600,2017-11-29,8595.55,11485,9949,9935.98,70224.99702034
1512000000,2017-11-30,9135.6,10850,9920.81,9903,42536.31363519
1512086400,2017-12-01,9517,10937,9903.01,10869.84,33257.5736678
1512172800,2017-12-02,10701,11100,10869.85,10930.24,20197.01810153
1512259200,2017-12-03,10601,11891,10930.24,11290,31415.80537618
1512345600,2017-12-04,10950,11650,11290,11643.98,20180.88652913
1512432000,2017-12-05,11532,11875,11643.99,11718.35,17711.49076161
1512518400,2017-12-06,11717.5,14425,11718.34,14090,51358.74592889
1512604800,2017-12-07,13500,19697,14090,17390.01,84528.1023714
1512691200,2017-12-08,13788.99,17777.69,17390.01,16367.03,68522.70363443
1512777600,2017-12-09,13550,16499,16367.03,15309.98,41170.50758947
1512864000,2017-12-10,13501,16300,15309.99,15290.01,52882.81594883
1512950400,2017-12-11,15200,17493,15290.01,16885.76,41169.69239233
1513036800,2017-12-12,16375,18149.99,16885.76,17730.12,38219.40739552
1513123200,2017-12-13,15700,17900,17730.12,16689.61,31867.18168864
1513209600,2017-12-14,16256,17199.6,16689.62,16749.78,16329.87585067
1513296000,2017-12-15,16745,17899,16749.79,17738.67,28605.3275268
1513382400,2017-12-16,17630,19797,17738.68,19650.01,24853.68358079
1513468800,2017-12-17,19010,19891.99,19650.02,19378.99,21476.23509637
1513555200,2017-12-18,18200,19385,19378.99,19039.01,26385.52352887
1513641600,2017-12-19,16800,19099,19039.01,17838.73,32148.34752127
1513728000,2017-12-20,14001,17890,17838.73,16496.89,47992.44424371
1513814400,2017-12-21,15151,17364.57,16496.9,15758.8,28740.89368429
1513900800,2017-12-22,10400,15974.95,15758.8,14210.57,103039.93421339
1513987200,2017-12-23,13750,16261,14229.47,15075.89,30795.88799527
1514073600,2017-12-24,13210,15109.27,15075.89,14221.94,24834.83362307
1514160000,2017-12-25,13450,14774,14221.93,14171.98,15425.35357187
1514246400,2017-12-26,14171.98,16148,14171.99,15790.88,22462.7056247
1514332800,2017-12-27,14524.37,16490,15790.88,15367.08,24957.62817381
1514419200,2017-12-28,13500,15489,15360.01,14450.01,31273.57825037
1514505600,2017-12-29,14041.81,15105.34,14450.01,14565.05,18476.05198941
1514592000,2017-12-30,12500,14639.79,14565.04,12839.99,28787.73764058
1514678400,2017-12-31,12633.8,14280.26,12839.98,13863.13,18604.28576752
1514764800,2018-01-01,12952.5,13889,13863.14,13480.01,12295.00653579
1514851200,2018-01-02,13005,15275,13480,14781.51,26387.93493436
1514937600,2018-01-03,14628,15400,14781.52,15098.14,17877.49528646
1515024000,2018-01-04,14230,15400,15098.23,15144.99,20010.43634249
1515110400,2018-01-05,14819.78,17178,15145,16960.01,22917.78066891
1515196800,2018-01-06,16251.01,17174,16960.01,17098.99,14104.21391996
1515283200,2018-01-07,15755.01,17115.01,17099,16174.22,12341.08084887
1515369600,2018-01-08,14000,16275,16174.22,14993.74,23151.96462195
1515456000,2018-01-09,14230,15384,14993.73,14480.99,15384.62464501
1515542400,2018-01-10,13550.01,14875.18,14481,14875.18,22664.54513634
1515628800,2018-01-11,12800.01,14970,14875.17,13308.06,28889.12130985
1515715200,2018-01-12,12900,14080.83,13308.06,13820,14816.77240977
1515801600,2018-01-13,13792.25,14500,13820,14187.95,10491.10485473
1515888000,2018-01-14,13110,14332.85,14187.94,13656.23,10783.39313813
1515974400,2018-01-15,13416,14253,13656.23,13590,10511.84043108
1516060800,2018-01-16,9928.62,13643.66,13590,11570.01,62207.83296297
1516147200,2018-01-17,9005,12358.89,11570.01,11200.01,63957.23278928
1516233600,2018-01-18,10687.21,12123.1,11204.64,11305.53,30134.64772622
1516320000,2018-01-19,11050,11973.99,11305.53,11498.99,15959.30876174
1516406400,2018-01-20,11498.99,12985.55,11499,12762.8,18749.95639326
1516492800,2018-01-21,11118,12762.8,12762.8,11518.17,16426.17776825
1516579200,2018-01-22,10025,11849,11518.17,10766.7,24352.57045749
1516665600,2018-01-23,9945,11370,10766.7,10824.94,21897.02947424
1516752000,2018-01-24,10450,11450,10824.95,11356.79,15159.74617502
1516838400,2018-01-25,10851,11690,11356.8,11118,13803.3994887
1516924800,2018-01-26,10305,11570,11118,11086.89,19343.28195401
1517011200,2018-01-27,10850,11494.08,11086.88,11319,12301.187315
1517097600,2018-01-28,11234.38,11697.24,11319,11536,13684.87204513
1517184000,2018-01-29,10840,11570,11536,11123.01,11166.05984506
1517270400,2018-01-30,9711.11,11150,11123.01,9995,27589.87336945
1517356800,2018-01-31,9601.02,10299.95,9995,10099.99,19533.73809729
1517443200,2018-02-01,8400,10166.25,10099.99,9014.23,38171.97003425
1517529600,2018-02-02,7540,9090.08,9014.22,8787.52,52039.26807721
1517616000,2018-02-03,8115.48,9499,8787.52,9240,23700.98508963
1517702400,2018-02-04,7859,9350,9227.8,8167.91,24062.18195663
1517788800,2018-02-05,6425.75,8349.16,8167.9,6905.19,59578.69822102
1517875200,2018-02-06,5873,7948.89,6905.2,7688.46,91895.11062729
1517961600,2018-02-07,7212.82,8650,7688.47,7575.75,50916.57889564
1518048000,2018-02-08,7550,8625,7575.76,8218.1,31649.57658512
1518134400,2018-02-09,7750,8700,8218.07,8671.01,27558.51614051
1518220800,2018-02-10,8155,9090,8671,8547.49,24910.69248868
1518307200,2018-02-11,7851,8547.49,8547.48,8072.99,16804.11338411
1518393600,2018-02-12,8072.99,8950,8073,8872.28,19718.28616707
1518480000,2018-02-13,8393.1,8925,8872.27,8520.01,13952.55754805
1518566400,2018-02-14,8520,9482.5,8520.01,9472.98,24374.64430846
1518739200,2018-02-16,9729.58,10307.68,10031.23,10167.49,17843.54690778
1518825600,2018-02-17,10057,11149,10167.49,11121.5,20781.56168216
1518912000,2018-02-18,10159,11299.1,11121.5,10380.04,26975.93580105
1518998400,2018-02-19,10297.39,11274.11,10380.03,11140,17634.43505308
1519084800,2018-02-20,11000,11775,11140,11235.57,28425.12094891
1519171200,2018-02-21,10250,11279.99,11235.57,10454.27,30042.03089218
1519257600,2018-02-22,9715.27,10900,10453.83,9830,28095.90851163
1519344000,2018-02-23,9576.43,10390.77,9830,10144.99,20779.94318193
1519430400,2018-02-24,9372.72,10494.14,10144.99,9688.62,19729.38570667
1519516800,2018-02-25,9324.75,9850,9688.61,9597.99,11707.16167099
1519603200,2018-02-26,9404,10447.74,9600,10300,19118.9938219
1519689600,2018-02-27,10133.33,10845.07,10300,10566.57,18240.52935154
1519776000,2018-02-28,10263,11044,10556.3,10307.27,19688.06956326
1519862400,2018-03-01,10213.99,11075,10307.26,10895.92,15390.55106388
1519948800,2018-03-02,10765,11149,10895.93,11000,13838.03908182
1520035200,2018-03-03,11000,11494.57,11000.01,11432.5,13198.55336472
1520121600,2018-03-04,11041,11487,11432.51,11469.9,8635.84247054
1520208000,2018-03-05,11339,11645.74,11469.9,11377.54,11051.44857722
1520294400,2018-03-06,10565.85,11395.63,11371.5,10700,18565.88802786
1520380800,2018-03-07,9400,10894,10700,9925,32486.56622749
1520467200,2018-03-08,9050,10098,9925,9304.89,23426.7950493
1520553600,2018-03-09,8370,9410,9304.9,9255,42041.35761821
1520640000,2018-03-10,8720.08,9518.77,9255,8795.44,17254.85640436
1520726400,2018-03-11,8516,9760,8795.45,9533.88,21816.15454135
1520812800,2018-03-12,8780.49,9890,9533.88,9120,21281.59414403
1520899200,2018-03-13,8855,9472.88,9120,9145.41,17207.40199682
1520985600,2018-03-14,7931,9340,9145.42,8207.02,28010.58833814
1521072000,2018-03-15,7666,8400,8207.02,8259.99,28014.23390561
1521158400,2018-03-16,7911,8600,8260,8275,16967.92912777
1521244800,2018-03-17,7751,8349.82,8274.09,7857.6,13639.73308518
1521331200,2018-03-18,7310,8302.73,7857.59,8192,30536.54458381
1521417600,2018-03-19,8108.31,8757.5,8192,8589,25598.67320803
1521504000,2018-03-20,8316.15,9046.26,8589,8900,20469.34145312
1521590400,2018-03-21,8745,9174,8900,8891.81,16007.11697609
1521676800,2018-03-22,8467.27,9073.93,8891.81,8715.09,14990.23803367
1521763200,2018-03-23,8280.04,8927.81,8715.09,8927.1,15266.82554983
1521849600,2018-03-24,8508,8999,8927.8,8531.34,11863.31062337
1521936000,2018-03-25,8359.45,8670,8531.96,8453,9048.85236081
1522022400,2018-03-26,7854,8498,8453,8145,19389.85130451
1522108800,2018-03-27,7757,8219.99,8144.99,7793.61,14987.73034205
1522195200,2018-03-28,7727.76,8088,7793.61,7942.72,10966.69757001
1522281600,2018-03-29,6905,7957,7942.73,7080,27812.00561903
1522368000,2018-03-30,6600,7275.35,7080,6848.01,29312.749662
1522454400,2018-03-31,6780,7200,6848.01,6928.5,14951.4968471
1522540800,2018-04-01,6450,7044.46,6928.5,6816.01,15434.52280833
1522627200,2018-04-02,6777.28,7100,6816.01,7045.01,14317.14565509
1522713600,2018-04-03,7016.8,7520,7045.01,7424.9,18923.19243902
1522800000,2018-04-04,6708.46,7424.91,7424.91,6791.68,15332.55315937
1522886400,2018-04-05,6568.64,6933.11,6791.68,6785.85,14454.29416624
1522972800,2018-04-06,6518.88,6847,6785.86,6619.01,10756.54967988
1523059200,2018-04-07,6605.08,7064.64,6619.01,6894.01,10351.3736739
1523145600,2018-04-08,6880,7099.99,6894.01,7020.01,6296.84940676
1523232000,2018-04-09,6617,7169.53,7020.01,6771.13,13950.51963666
1523318400,2018-04-10,6661.19,6893.29,6771.14,6824.99,7491.82299943
1523404800,2018-04-11,6806.01,6974,6825,6942.99,8182.9960061
1523491200,2018-04-12,6767.77,8050,6943,7916,31205.93316274
1523577600,2018-04-13,7760,8220,7915.99,7893.19,22123.21006651
1523664000,2018-04-14,7830,8150,7893.19,8003.11,9338.06089305
1523750400,2018-04-15,8003.11,8392.56,8003.12,8355.25,9899.55458272
1523836800,2018-04-16,7905.99,8398.98,8355.24,8048.93,13429.26623465
1523923200,2018-04-17,7822,8162.5,8048.92,7892.1,10700.35753361
1524009600,2018-04-18,7879.8,8243.99,7892.11,8152.05,10973.85923727
1524096000,2018-04-19,8101.47,8300,8152.05,8274,11936.23618763
1524182400,2018-04-20,8216.21,8932.57,8274,8866.27,16415.30759081
1524268800,2018-04-21,8610.7,9038.87,8866.27,8915.42,12305.06569139
1524355200,2018-04-22,8754.01,9015,8915.42,8795.01,7805.76709948
1524441600,2018-04-23,8775.1,8991,8795,8931.3,8040.33557959
1524528000,2018-04-24,8930,9728.56,8931.31,9645.1,20843.27006804
1524614400,2018-04-25,8602.43,9763.49,9645,8865.98,31814.1288426
1524700800,2018-04-26,8660,9318,8865.98,9272.11,15216.84970266
1524787200,2018-04-27,8910,9369,9272.12,8922.55,12087.28643213
1524873600,2018-04-28,8863.42,9447,8922.56,9329.99,8849.51366266
1524960000,2018-04-29,9179.99,9512.5,9329.99,9389.01,7937.98812228
1525046400,2018-04-30,9110.88,9447,9389.01,9243.83,8862.27320109
1525132800,2018-05-01,8831.21,9245.37,9243.83,9072.29,11372.35045084
1525219200,2018-05-02,8990,9251.05,9072.29,9190.48,8825.62461492
1525305600,2018-05-03,9131,9800,9190.47,9725.74,14956.45443951
1525392000,2018-05-04,9451.5,9745,9725.74,9685,10837.90259875
1525478400,2018-05-05,9660.28,9948.12,9685,9800,9391.1010713
1525564800,2018-05-06,9390,9880,9799.99,9600,7651.21500589
1525651200,2018-05-07,9162.85,9619.55,9600,9353,9909.98246212
1525737600,2018-05-08,9050,9463.13,9356.25,9177.82,9561.98001906
1525824000,2018-05-09,8960,9370,9177.81,9300.08,8628.95083325
1525910400,2018-05-10,9001.01,9386.32,9300.08,9010.51,7596.46134672
1525996800,2018-05-11,8351,9010.51,9010.51,8403.33,17512.9269818
1526083200,2018-05-12,8223.43,8658.57,8403.33,8475,11392.07649417
1526169600,2018-05-13,8345,8774.32,8474.31,8686.1,6678.59431195
1526256000,2018-05-14,8289.79,8880.01,8686.1,8670,14127.77867728
1526342400,2018-05-15,8420.45,8847,8670,8477.46,10892.26808048
1526428800,2018-05-16,8103.33,8500,8477.47,8344,10858.39386627
1526515200,2018-05-17,8001,8483.48,8344.01,8059,8477.74299592
1526601600,2018-05-18,7927.21,8280,8059,8238.51,8239.27592631
1526688000,2018-05-19,8152.54,8390,8238.51,8235.6,4198.42045085
1526774400,2018-05-20,8172,8600,8235.6,8516.86,4486.83071279
1526860800,2018-05-21,8309.23,8584.39,8516.86,8393.44,5125.87838258
1526947200,2018-05-22,7950,8400,8393.43,7987.7,6905.26600219
1527033600,2018-05-23,7433.19,8030.06,7987.7,7505,15892.46676728
1527120000,2018-05-24,7269,7734.99,7505.01,7584.15,11375.35825749
1527206400,2018-05-25,7326.94,7661.85,7584.15,7459.11,8681.38004429
1527292800,2018-05-26,7287.23,7640.46,7459.11,7337.95,4572.29163123
1527379200,2018-05-27,7229.01,7392.7,7337.94,7346.64,4568.21590348
1527465600,2018-05-28,7087,7444.8,7346.64,7107.94,7785.66681592
1527552000,2018-05-29,7058,7524.99,7107.94,7460,10350.09174071
1527638400,2018-05-30,7272.71,7557.78,7460,7380.01,6250.20477606
1527724800,2018-05-31,7340,7609.99,7380,7485,6067.82801549
1527811200,2018-06-01,7351.01,7599.99,7485,7514.32,6936.82298245
1527897600,2018-06-02,7440,7697.09,7514.32,7636.42,5070.8649463
1527984000,2018-06-03,7583.24,7777,7636.41,7706.37,5206.86345245
1528070400,2018-06-04,7447.61,7747.57,7706.37,7487.37,6034.28233024
1528156800,2018-06-05,7355,7677.5,7487.37,7612.51,5740.07226081
1528243200,2018-06-06,7484,7691,7612.51,7655,5736.88730444
1528329600,2018-06-07,7635,7747,7655,7684.93,5041.52279334
1528416000,2018-06-08,7536.58,7690,7684.93,7618.8,3945.54283341
1528502400,2018-06-09,7468,7680,7616,7496.4,2775.24696058
1528588800,2018-06-10,6652,7496.41,7496.41,6770.31,18788.77680649
1528675200,2018-06-11,6666.66,6913.83,6770.31,6881,11620.53954327
1528761600,2018-06-12,6450,6885.84,6881,6545,10820.92303628
1528848000,2018-06-13,6135,6618.95,6549.47,6302.31,17373.41486923
1528934400,2018-06-14,6269,6750,6302.32,6638.49,14548.25525645
1529020800,2018-06-15,6370,6660,6638.49,6391.22,7028.63892797
1529107200,2018-06-16,6330,6549.99,6391.21,6484.29,4521.32956305
1529193600,2018-06-17,6428.14,6570.01,6484.3,6447.16,3275.09792547
1529280000,2018-06-18,6385,6807.64,6447.15,6709.02,8046.05593543
1529366400,2018-06-19,6670.01,6829.06,6709.19,6736.41,6155.18187377
1529452800,2018-06-20,6557.66,6817,6736.41,6759.18,6683.29357071
1529539200,2018-06-21,6682.3,6787,6759.54,6719.01,4385.00279703
1529625600,2018-06-22,5921.21,6725,6719.01,6059.82,18193.25099287
1529712000,2018-06-23,6040.01,6250,6059.82,6178.29,6070.20787087
1529798400,2018-06-24,5777,6255.8,6178.29,6149.99,13211.31953891
1529884800,2018-06-25,6070.13,6340.01,6150,6246.01,9237.28844816
1529971200,2018-06-26,6006.39,6271,6246.01,6074,6680.68174851
1530057600,2018-06-27,5983.56,6175.43,6074.01,6132.17,7061.43624405
1530144000,2018-06-28,5816.6,6161.47,6132.16,5851.66,7769.8116466
1530230400,2018-06-29,5790.01,6300,5850.25,6202.36,11065.12248838
1530316800,2018-06-30,6185,6520.15,6202.36,6383.19,6783.38450293
1530403200,2018-07-01,6256.76,6424.14,6383.19,6349.5,4069.05699082
1530489600,2018-07-02,6270.01,6669.99,6349.5,6611.79,8287.96529635
1530576000,2018-07-03,6465,6673.99,6611.79,6502.62,6501.26577908
1530662400,2018-07-04,6411.51,6796.62,6502.62,6587.47,6847.85549833
1530748800,2018-07-05,6449.5,6700,6587.46,6532.95,6985.12310145
1530835200,2018-07-06,6452.2,6639,6532.96,6600,5215.29306825
1530921600,2018-07-07,6512,6843.26,6599.99,6753.28,4496.26591603
1531008000,2018-07-08,6671,6778.31,6753.29,6701.97,3321.52529781
1531094400,2018-07-09,6625,6815.82,6701.97,6664.01,5254.12964941
1531180800,2018-07-10,6279,6679.47,6664.01,6303.7,8177.86682562
1531267200,2018-07-11,6281.01,6400,6303.69,6390.04,5038.30347773
1531353600,2018-07-12,6075.01,6390.04,6390.04,6249.75,9411.45794822
1531440000,2018-07-13,6121.53,6335.09,6246.68,6216.29,5975.71038478
1531526400,2018-07-14,6187,6323.68,6216.29,6248.65,3044.81810615
1531612800,2018-07-15,6233.26,6385.35,6248.65,6348.73,3882.96945333
1531699200,2018-07-16,6330.3,6750,6348.73,6728.81,9147.40601617
1531785600,2018-07-17,6663.51,7472.5,6728.8,7315.01,15644.40972338
1531872000,2018-07-18,7229.89,7584.85,7315,7378.99,15774.39905617
1531958400,2018-07-19,7281.42,7581,7378.99,7470.01,9985.49794394
1532044800,2018-07-20,7259.76,7687,7470.01,7334.46,10406.31899656
1532131200,2018-07-21,7204.32,7444.77,7334.46,7408,5079.339249
1532217600,2018-07-22,7327.75,7569.69,7408,7397.8,5599.21912506
1532304000,2018-07-23,7378.26,7809,7400,7720.09,12449.92345846
1532390400,2018-07-24,7695.99,8488,7720.08,8385.5,19636.00922903
1532476800,2018-07-25,8042,8482.84,8390.04,8157.15,14713.91077749
1532563200,2018-07-26,7840,8290,8157.15,7931.99,11869.52084895
1532649600,2018-07-27,7787.29,8276.55,7932,8184.21,11991.35205827
1532736000,2018-07-28,8065,8230,8182.64,8228.9,4141.05036475
1532822400,2018-07-29,8127.87,8289.96,8227.38,8216.34,4239.76030429
1532908800,2018-07-30,7850,8274.92,8216.33,8170.01,10568.96492471
1532995200,2018-07-31,7629.48,8173.57,8170,7727.27,12604.37481313
1533081600,2018-08-01,7437,7750,7727.28,7603.99,11853.49011195
1533168000,2018-08-02,7462,7707.54,7603.99,7533.92,6917.39838355
1533254400,2018-08-03,7285,7538.53,7533.92,7414.08,11084.8522024
1533340800,2018-08-04,6940,7495,7414.08,7005,9933.75030971
1533427200,2018-08-05,6880,7086.52,7005,7030.01,6243.59990905
1533513600,2018-08-06,6840,7163,7030,6938,8956.04941689
1533600000,2018-08-07,6647.07,7152,6938,6718.22,11165.1416331
1533686400,2018-08-08,6121.04,6718.22,6718.22,6282.5,22145.35061404
1533772800,2018-08-09,6177.51,6633.21,6282.5,6546.45,13980.70056404
1533859200,2018-08-10,6015,6584.8,6546.46,6146.01,8064.70939768
1533945600,2018-08-11,6003,6485.76,6146.01,6235.56,10153.23416272
1534032000,2018-08-12,6169.46,6482,6236,6316.01,8324.09104131
1534118400,2018-08-13,6139.57,6544.99,6316,6253.67,10604.12278957
1534204800,2018-08-14,5900,6258.32,6253.67,6195.01,17742.68279169
1534291200,2018-08-15,6189,6636,6195,6269.01,17786.54579416
1534377600,2018-08-16,6200,6475.01,6269.01,6315.9,8976.04113374
1534464000,2018-08-17,6290.39,6585.5,6315.9,6585.49,10776.85436559
1534550400,2018-08-18,6312,6613.23,6585.5,6396.64,6974.44185927
1534636800,2018-08-19,6328.45,6547.34,6396.63,6489.53,4472.17616704
1534723200,2018-08-20,6227.71,6525,6489.53,6258.74,7905.42302586
1534809600,2018-08-21,6249.12,6490,6258.74,6475.89,6860.90002944
1534896000,2018-08-22,6250,6890.65,6475.89,6359.99,17611.22588439
1534982400,2018-08-23,6348.69,6568.37,6359.99,6526.36,6998.97316777
1535068800,2018-08-24,6451.55,6725,6526.36,6690.88,7427.5446068
1535155200,2018-08-25,6668,6790,6690.88,6737.52,4930.16607076
1535241600,2018-08-26,6572,6773,6737.52,6709.98,5009.10271396
1535328000,2018-08-27,6654.13,6947.6,6709.98,6911.9,7307.58523518
1535414400,2018-08-28,6864.96,7128,6911.9,7071.01,11880.45612553
1535500800,2018-08-29,6907.42,7119,7071.01,7030.9,7712.75849986
1535587200,2018-08-30,6790,7048.66,7030.92,6983,8327.34545381
1535673600,2018-08-31,6884.49,7090.46,6983,7015.01,7857.29840392
1535760000,2018-09-01,7010.98,7275,7015.01,7191.08,6276.18561687
1535846400,2018-09-02,7130,7328.99,7191.07,7295,5891.96980364
1535932800,2018-09-03,7192.99,7339.52,7294.99,7256.98,6133.07725249
1536019200,2018-09-04,7229.94,7402.5,7256.48,7360,7999.76955668
1536105600,2018-09-05,6664.07,7384,7359.99,6687.96,16381.47246369
1536192000,2018-09-06,6272.73,6703.73,6687.96,6495,18836.77907471
1536278400,2018-09-07,6325,6530,6495,6395.01,8369.22939503
1536364800,2018-09-08,6116,6460,6395.01,6188,7581.68777214
1536451200,2018-09-09,6147,6450,6188,6235.01,6356.67380803
1536537600,2018-09-10,6221.49,6375.13,6235.02,6300,7028.65453232
1536624000,2018-09-11,6176.76,6405,6300,6282.53,7512.79094263
1536710400,2018-09-12,6191.1,6340.94,6282.53,6326,7428.99131549
1536796800,2018-09-13,6323.64,6530,6326,6485.99,9800.75125525
1536883200,2018-09-14,6378.05,6580,6485.99,6478.04,7691.81053625
1536969600,2018-09-15,6470,6565,6478.05,6518.68,3404.11751484
1537056000,2018-09-16,6323.68,6521.75,6518.68,6498,3520.8035532
1537142400,2018-09-17,6207.55,6529.75,6498,6250.7,9335.4497769
1537228800,2018-09-18,6228,6384.04,6250.71,6335.7,6137.36794174
1537315200,2018-09-19,6106.37,6511,6335.69,6386.94,10754.09693733
1537401600,2018-09-20,6337,6530,6386.95,6493.11,6819.60351487
1537488000,2018-09-21,6492.5,6777.1,6493.11,6750,11391.70322303
1537574400,2018-09-22,6628.01,6823,6750,6707.33,5315.7868296
1537660800,2018-09-23,6660.05,6777,6707.34,6696.99,3506.51220124
1537747200,2018-09-24,6555.99,6716.16,6696.99,6582.09,5562.20172954
1537833600,2018-09-25,6320.5,6582.1,6582.09,6436.89,9533.99965627
1537920000,2018-09-26,6380.62,6537.26,6435,6455.66,5910.04399306
1538006400,2018-09-27,6430,6734.79,6455.65,6680.01,7878.87406105
1538092800,2018-09-28,6528.13,6786.73,6680.01,6620.01,9039.12902254
1538179200,2018-09-29,6452.02,6620.01,6620.01,6581,4371.91544933
1538265600,2018-09-30,6523,6642.28,6581,6605,3698.72106704
1538352000,2018-10-01,6474.9,6639.33,6605,6572.83,7146.81077109
1538438400,2018-10-02,6452,6591.37,6572.83,6498.46,5444.03636431
1538524800,2018-10-03,6398.96,6507.95,6498.47,6466.03,6264.41952033
1538611200,2018-10-04,6454.38,6603.01,6466.03,6547.45,6676.80282302
1538697600,2018-10-05,6510.58,6641,6547.45,6593.94,5347.26443214
1538784000,2018-10-06,6536,6594.39,6593.94,6552.43,2725.25647489
1538870400,2018-10-07,6491.81,6585.01,6552.42,6570,2625.49820988
1538956800,2018-10-08,6545.63,6681.19,6569.99,6608.07,5447.87548657
1539043200,2018-10-09,6552.5,6612.86,6607.53,6589.48,4580.90974272
1539129600,2018-10-10,6445.48,6591.32,6589.48,6524.56,6387.67198644
1539216000,2018-10-11,6033.34,6524.56,6524.56,6154.69,20730.76349424
1539302400,2018-10-12,6111.97,6235.2,6154.68,6188.01,5574.64739116
1539388800,2018-10-13,6178,6212,6188.01,6196,3842.85929097
1539475200,2018-10-14,6151,6288.45,6196.01,6183.49,3763.1183462
1539561600,2018-10-15,6151.58,6810,6183.52,6440.42,21436.33656382
1539648000,2018-10-16,6375,6493.11,6440.43,6457.11,10080.9913573
1539734400,2018-10-17,6411.19,6459.99,6457.1,6443.7,5507.26662058
1539820800,2018-10-18,6355,6489.83,6443.69,6394.96,7212.21394135
1539907200,2018-10-19,6353.86,6409.61,6394.96,6382.99,3816.48535963
1539993600,2018-10-20,6369,6420,6382.99,6414,3425.84267768
1540080000,2018-10-21,6405.57,6452.87,6413.99,6415.88,2611.79072657
1540166400,2018-10-22,6377.77,6427.63,6415.87,6407.65,4004.82602681
1540252800,2018-10-23,6360,6411.5,6407.64,6395.14,4036.62569307
1540339200,2018-10-24,6395.13,6471,6395.13,6415.98,5193.91688879
1540425600,2018-10-25,6377.5,6422,6415.97,6395.58,3747.24490173
1540512000,2018-10-26,6383.54,6450,6395.58,6404.87,4134.91005811
1540598400,2018-10-27,6390,6421.76,6404.87,6409.12,2332.79150241
1540684800,2018-10-28,6380.01,6415,6409.11,6403.62,2142.01330512
1540771200,2018-10-29,6211,6414.99,6403.63,6266,6986.99576529
1540857600,2018-10-30,6240.54,6289,6266,6267.63,4101.07125232
1540944000,2018-10-31,6201.67,6353.24,6267.63,6304.18,5229.24512215
1541030400,2018-11-01,6293.44,6360,6304.18,6344,4490.97798078
1541116800,2018-11-02,6333.94,6378.77,6344,6349.8,4182.90368781
1541203200,2018-11-03,6315.91,6351.7,6349.8,6331.96,2572.93306167
1541289600,2018-11-04,6313.17,6464.15,6331.96,6423.28,4055.76910661
1541376000,2018-11-05,6372,6439.99,6423.29,6404,4088.66689308
1541462400,2018-11-06,6387.82,6449.65,6404,6448.5,5512.34724778
1541548800,2018-11-07,6448.5,6540,6448.5,6503.12,5832.93617972
1541635200,2018-11-08,6388,6511.88,6503.12,6406.24,5335.81077269
1541721600,2018-11-09,6305,6415,6406.24,6334.89,4588.21636599
1541808000,2018-11-10,6327.46,6374,6334.89,6347.42,2421.62395944
1541894400,2018-11-11,6271.15,6360,6347.42,6357.6,2363.52860474
1541980800,2018-11-12,6305.95,6383.59,6357.6,6327.87,3731.22277403
1542067200,2018-11-13,6252.5,6328.22,6327.87,6259.34,4686.91466432
1542153600,2018-11-14,5280.93,6293.38,6259.35,5605.46,32734.2371058
1542240000,2018-11-15,5188,5645,5605.01,5579.52,21893.75591627
1542326400,2018-11-16,5410,5609.91,5579.5,5512.24,9359.82281671
1542412800,2018-11-17,5450.83,5544,5512.26,5504.17,4784.39720845
1542499200,2018-11-18,5503.34,5665,5503.34,5560,4724.53451302
1542585600,2018-11-19,4670.05,5560,5560,4733.5,41591.922304
1542672000,2018-11-20,4035,4889,4736.67,4349.23,66596.87804572
1542758400,2018-11-21,4239.01,4627.55,4349.24,4545.11,28516.37041797
1542844800,2018-11-22,4238.69,4589,4545.12,4265.36,13038.24058241
1542931200,2018-11-23,4085.73,4366.05,4268.18,4283.8,19589.94093581
1543017600,2018-11-24,3650.84,4370.78,4283.8,3774.99,22955.31007799
1543104000,2018-11-25,3456.78,4120,3775,3936.69,39067.0408264
1543190400,2018-11-26,3508,4076.25,3936.7,3731.32,36455.22367637
1543276800,2018-11-27,3562.9,3830,3731.01,3775,23788.7518536
1543363200,2018-11-28,3775,4365,3775.01,4225.03,35951.14939353
1543449600,2018-11-29,4077.88,4414.89,4224.86,4248,20589.29919427
1543536000,2018-11-30,3869,4297.71,4247.99,3976,20010.38688175
1543622400,2018-12-01,3910.08,4277,3976.01,4142.01,10546.5152018
1543708800,2018-12-02,4036,4266,4142.01,4103.19,11311.33063575
1543795200,2018-12-03,3741.95,4119.98,4102.8,3833.47,17040.92435324
1543881600,2018-12-04,3732.43,4035.1,3833.47,3901.84,16954.8572436
1543968000,2018-12-05,3660,3912.53,3901.84,3694.39,14945.0424373
1544054400,2018-12-06,3400,3849,3694.39,3433.26,28942.88212469
1544140800,2018-12-07,3212,3550,3433.3,3380.01,37833.3063615
1544227200,2018-12-08,3253.66,3495,3380,3401,13700.64053347
1544313600,2018-12-09,3367.79,3642.51,3401,3531.18,11758.12530578
1544400000,2018-12-10,3354.97,3590.71,3531.18,3410.15,13513.91205579
1544486400,2018-12-11,3293.49,3424.92,3410.15,3349.36,11090.98128121
1544659200,2018-12-13,3227.96,3439.63,3430.24,3265,14265.2612416
1544745600,2018-12-14,3135,3294.9,3265,3195.71,14656.53845193
1544832000,2018-12-15,3128.89,3228.69,3195.71,3183,9343.27239692
1544918400,2018-12-16,3181.24,3258,3183.01,3195,7211.24213116
1545004800,2018-12-17,3184.28,3585.95,3194.99,3496.82,21857.11842817
1545091200,2018-12-18,3436.5,3688,3497.1,3667.77,16980.16942551
1545177600,2018-12-19,3637.17,3928.15,3667.76,3682.51,28456.24369309
1545264000,2018-12-20,3661.5,4175,3682.51,4075.34,30698.00488972
1545350400,2018-12-21,3775,4162.27,4075.33,3839.06,23496.86262526
1545436800,2018-12-22,3790.16,4005,3839.26,3980.46,9902.76761597
1545523200,2018-12-23,3903.6,4050,3981.24,3944.93,10282.4571108
1545609600,2018-12-24,3944.92,4239.37,3944.92,4034,19713.64189269
1545696000,2018-12-25,3675.86,4045.41,4034,3780,13871.75447137
1545782400,2018-12-26,3685.02,3849.2,3780,3809.88,9409.62555727
1545868800,2018-12-27,3567,3841.21,3809.88,3589.89,13433.23545408
1545955200,2018-12-28,3576.12,3971.58,3589.89,3888.06,16776.66567306
1546041600,2018-12-29,3706,3944.33,3887.58,3729.31,9781.01832186
1546128000,2018-12-30,3691.01,3863.06,3729.31,3829,8725.83851536
1546214400,2018-12-31,3625,3835.4,3829,3691.86,12799.94262556
1546300800,2019-01-01,3651.02,3841.17,3691.87,3826.1,10812.88498825
1546387200,2019-01-02,3770.07,3916.57,3826.1,3890.79,9982.47084577
1546473600,2019-01-03,3758.07,3893.8,3890.8,3787.57,9327.64708895
1546560000,2019-01-04,3730,3849,3787.57,3820.82,9225.1505004
1546646400,2019-01-05,3775,3874.12,3820.82,3798.62,6451.00775001
1546732800,2019-01-06,3756.01,4088,3799.99,4040.99,10057.45367318
1546819200,2019-01-07,3968.79,4070,4040.98,4006.01,9973.66538481
1546905600,2019-01-08,3943.36,4114.8,4005.97,3993.86,13959.39645383
1546992000,2019-01-09,3962.12,4042.2,3993.85,4004.12,10704.12810583
1547078400,2019-01-10,3560,4035.21,4004.13,3626.12,21869.18380217
1547164800,2019-01-11,3576,3699.99,3626.12,3635.69,14489.68866805
1547251200,2019-01-12,3557.29,3649.18,3634.73,3619.41,5793.59903748
1547337600,2019-01-13,3481.54,3641.86,3619.38,3514.24,8288.70074802
1547424000,2019-01-14,3509.24,3711.11,3514.24,3664.19,11241.43679748
1547510400,2019-01-15,3538.63,3684.38,3664.18,3580.76,10894.51487451
1547596800,2019-01-16,3572.52,3666.73,3580.19,3609.71,8894.45981244
1547683200,2019-01-17,3541,3657,3609.71,3640.65,8924.86466717
1547769600,2019-01-18,3580.16,3643.69,3640.64,3607.85,5977.23699338
1547856000,2019-01-19,3604.9,3765.9,3607.85,3682.65,6068.64620532
1547942400,2019-01-20,3481.01,3703.39,3683.5,3536.19,7430.51959727
1548028800,2019-01-21,3487.37,3568.95,3537.56,3531.76,6493.83265776
1548115200,2019-01-22,3425,3611.5,3531.75,3577.03,9658.63220705
1548201600,2019-01-23,3523.64,3614.47,3577.04,3553.01,8205.65630491
1548288000,2019-01-24,3530.1,3595.83,3553.01,3568.97,5827.07203747
1548374400,2019-01-25,3510.01,3578.79,3568.97,3562.17,6834.07115259
1548460800,2019-01-26,3540,3657.76,3562.17,3556.07,5602.74054612
1548547200,2019-01-27,3470.14,3562.9,3556.07,3531.02,4286.50898961
1548633600,2019-01-28,3374.01,3535.92,3531.02,3429.95,13775.65442083
1548720000,2019-01-29,3337.87,3438.4,3429.95,3397.42,8709.69730139
1548806400,2019-01-30,3372.97,3459.41,3395.74,3437.55,8513.95881185
1548892800,2019-01-31,3396.74,3473.4,3437.55,3411.5,7405.39614964
1548979200,2019-02-01,3369.62,3458.26,3411.5,3437.5,8806.60171078
1549065600,2019-02-02,3414.49,3483.25,3437.5,3468.43,3967.92350855
1549152000,2019-02-03,3386.45,3471.76,3468.43,3414.78,4606.56891409
1549238400,2019-02-04,3395.1,3435,3415.69,3409.57,6032.81895284
1549324800,2019-02-05,3400,3429.46,3409.57,3428.4,6385.43577243
1549411200,2019-02-06,3340.8,3441,3428.41,3367.36,9820.67219128
1549497600,2019-02-07,3352.01,3383.14,3366.01,3359,8613.79912675
1549584000,2019-02-08,3344,3711,3358.99,3621.99,17649.47598021
1549670400,2019-02-09,3597,3644.08,3622,3623.73,5155.45743968
1549756800,2019-02-10,3578.59,3654.28,3623.73,3648.84,5364.52948065
1549843200,2019-02-11,3579.38,3652,3648.85,3590.36,8819.26148262
1549929600,2019-02-12,3550,3618.77,3590.36,3588.06,8347.13611385
1550016000,2019-02-13,3562.98,3627.99,3588.06,3576.68,7024.94220353
1550102400,2019-02-14,3535.1,3589,3576.69,3561.5,6197.23550751
1550188800,2019-02-15,3545.89,3620.22,3561.49,3566.59,7447.04312687
1550275200,2019-02-16,3565.5,3607.36,3566.59,3582.37,4351.61748343
1550361600,2019-02-17,3557.43,3675,3582.37,3625.08,6402.7929
1550448000,2019-02-18,3616.18,3917,3625.08,3867,16895.18406274
1550534400,2019-02-19,3841.54,3969.54,3867,3888.01,14845.22658779
1550620800,2019-02-20,3867.13,3967.19,3888.37,3938.99,8929.2721525
1550707200,2019-02-21,3869.45,3988,3939,3897.71,8806.93272354
1550793600,2019-02-22,3886.15,3956.43,3897.71,3942.02,7667.21817378
1550880000,2019-02-23,3911.3,4156.1,3942.02,4110,10844.79746285
1550966400,2019-02-24,3712.84,4188.79,4110,3734.22,17002.16745501
1551052800,2019-02-25,3731.09,3860,3734.23,3818.79,11164.08173195
1551139200,2019-02-26,3763.71,3826.37,3818.78,3799.48,6520.29872931
1551225600,2019-02-27,3655,3823.13,3799.49,3799.91,8297.56906415
1551312000,2019-02-28,3754.37,3910,3800.35,3792.14,9852.47269969
1551398400,2019-03-01,3791.31,3843,3792.14,3806.17,6816.69897242
1551484800,2019-03-02,3763,3818.08,3806.17,3809.7,3720.64470762
1551571200,2019-03-03,3763.62,3815.48,3809.7,3786.93,4100.67673393
1551657600,2019-03-04,3672.39,3804.99,3786.93,3700.72,8335.76872427
1551744000,2019-03-05,3692.36,3876.65,3700.02,3844.59,9534.91911905
1551830400,2019-03-06,3812,3894.7,3844.59,3851.89,6911.18572899
1551916800,2019-03-07,3830.79,3891,3851.89,3857.05,7308.01574651
1552003200,2019-03-08,3771,3910.88,3857.04,3843.12,8988.38343108
1552089600,2019-03-09,3834.59,3947.33,3842.62,3917,5821.05637535
1552176000,2019-03-10,3867.84,3917,3917,3900.92,3602.23313878
1552262400,2019-03-11,3817.01,3911.83,3900.93,3849.68,6170.4651356
1552348800,2019-03-12,3796.71,3875.33,3849.67,3860,6921.17284956
1552435200,2019-03-13,3827.5,3871.02,3860,3851.02,5689.69622247
1552521600,2019-03-14,3779.28,3900,3851.02,3853.95,7895.18815498
1552608000,2019-03-15,3846.79,3910,3853.95,3902.8,6794.31389855
1552694400,2019-03-16,3900.89,4037.47,3902.8,3990,6801.89533817
1552780800,2019-03-17,3936.3,3991,3990,3967.01,3579.86643543
1552867200,2019-03-18,3937.69,4015.7,3967.01,3970.5,5613.64637341
1552953600,2019-03-19,3952.08,4009.61,3969.68,4000.85,5889.02569989
1553040000,2019-03-20,3965.43,4044.82,4000.85,4031.85,7321.39290672
1553126400,2019-03-21,3915.14,4056.33,4032.68,3972.76,9362.01127686
1553212800,2019-03-22,3961.7,3998.01,3972.76,3983.78,5137.20746387
1553299200,2019-03-23,3960.25,3997.01,3983.77,3983.43,4145.33997822
1553385600,2019-03-24,3946,3982.45,3982.45,3969.52,2699.83001403
1553472000,2019-03-25,3858,3976.47,3969.52,3907.53,6471.85662029
1553558400,2019-03-26,3880.64,3923.9,3907.54,3921.45,4279.07361049
1553644800,2019-03-27,3914.9,4035.8,3922.41,4026.53,6852.41006794
1553731200,2019-03-28,3994,4026.54,4026.54,4011.17,4867.33830466
1553817600,2019-03-29,4007.78,4101.5,4011.98,4091.01,9955.46857667
1553904000,2019-03-30,4042.51,4131.87,4091.01,4094.14,5262.21344691
1553990400,2019-03-31,4077.01,4103,4094.14,4094.99,3140.83701306
1554076800,2019-04-01,4051.53,4149.5,4095,4137,7951.26492707
1554163200,2019-04-02,4132.02,5121,4137.01,4901.93,38406.93211632
1554249600,2019-04-03,4787.11,5345,4901.92,4975.97,39435.72650644
1554336000,2019-04-04,4778,5071.34,4975.13,4906.49,16348.20012368
1554422400,2019-04-05,4887.34,5066.59,4907.92,5040.66,11681.37430365
1554508800,2019-04-06,4925,5244.04,5040.95,5049.22,12091.44129438
1554595200,2019-04-07,5029.7,5270.33,5049.18,5194.79,10156.6009031
1554681600,2019-04-08,5132.28,5352.5,5194.76,5285.54,15666.45276154
1554768000,2019-04-09,5145,5287,5286.82,5187.21,9741.06958958
1554854400,2019-04-10,5164.49,5488,5187.21,5318.58,16740.40012691
1554940800,2019-04-11,4967.24,5342.74,5322.02,5041.3,16499.10831947
1555027200,2019-04-12,4901.99,5118.56,5040.11,5078.19,9952.12636385
1555113600,2019-04-13,5036.74,5123.28,5078.19,5066.22,4288.93959827
1555200000,2019-04-14,5013.81,5191.19,5065.02,5164.27,4408.9676634
1555286400,2019-04-15,4945.54,5193.01,5163.81,5029.99,10155.67146076
1555372800,2019-04-16,5016.45,5229.97,5029.99,5202.9,8624.24494496
1555459200,2019-04-17,5173.11,5272.32,5201.21,5227,7415.7258123
1555545600,2019-04-18,5222.26,5318.18,5227,5281.81,8234.19965894
1555632000,2019-04-19,5196.7,5359.47,5280.5,5290.36,6330.55080825
1555718400,2019-04-20,5260.24,5359.98,5290.37,5319.89,4905.68285834
1555804800,2019-04-21,5213.34,5349.16,5319.9,5297.64,5748.50732462
1555891200,2019-04-22,5250.45,5440.84,5297.64,5387.6,12286.70533914
1555977600,2019-04-23,5361.01,5650.01,5387.6,5532.75,18208.5965253
1556064000,2019-04-24,5374,5624.47,5532.75,5441.9,15137.83284352
1556150400,2019-04-25,4963,5512.12,5440.59,5134.81,18152.86625521
1556236800,2019-04-26,5041.14,5295.03,5134.82,5159.51,14423.59230926
1556323200,2019-04-27,5117.46,5221.24,5159.5,5170.6,4268.747635
1556409600,2019-04-28,5101,5214.5,5171.9,5155,4913.46465612
1556496000,2019-04-29,5072.01,5189.54,5155,5148.25,7338.23455569
1556582400,2019-04-30,5126.25,5285,5148.25,5270.69,7270.79721224
1556668800,2019-05-01,5265.61,5358.39,5270.68,5321.15,7327.28530895
1556755200,2019-05-02,5306.09,5422.99,5321.15,5390.01,7324.97455784
1556841600,2019-05-03,5363,5796.93,5390,5657.4,19730.73219167
1556928000,2019-05-04,5512,5846.88,5657.41,5770.01,11070.84484696
1557014400,2019-05-05,5627.35,5782.22,5770.01,5715.86,5764.75926622
1557100800,2019-05-06,5564.93,5753.66,5715.86,5687.9,9144.01872377
1557187200,2019-05-07,5687.9,5974.51,5687.9,5748.45,16066.74315422
1557273600,2019-05-08,5656.26,5990,5748.47,5948.41,12720.17516002
1557360000,2019-05-09,5934.49,6171.1,5947,6153.09,15697.64557254
1557446400,2019-05-10,6108.81,6430,6153.09,6343.14,17600.38078264
1557532800,2019-05-11,6342.98,7464.13,6342.99,7219.95,37819.24015936
1557619200,2019-05-12,6755,7581.82,7215.02,6979.76,41012.54156875
1557705600,2019-05-13,6864.93,8195,6979.24,7824.93,47215.37160625
1557792000,2019-05-14,7621.27,8350,7822.88,7990.92,39515.75092642
1557878400,2019-05-15,7831.77,8308.16,7990.92,8203.32,24928.15679387
1557964800,2019-05-16,7660.74,8388,8203.33,7878.96,29391.33326238
1558051200,2019-05-17,6600,7940.75,7881.39,7363.69,47374.72004433
1558137600,2019-05-18,7204.42,7491.22,7363.85,7262.4,11074.40023056
1558224000,2019-05-19,7252.58,8315,7262.39,8200,25170.35141068
1558310400,2019-05-20,7570.31,8199.53,8194.34,7999.54,25402.08288327
1558396800,2019-05-21,7805.34,8112.99,7998.94,7951.7,14246.43358032
1558483200,2019-05-22,7506.12,8044.32,7951.69,7626.48,17522.65516801
1558569600,2019-05-23,7467.1,7984.9,7622.25,7881.98,14905.94956167
1558656000,2019-05-24,7794.73,8175,7878.16,8001.7,14767.93865471
1558742400,2019-05-25,7941.25,8149,8001.69,8063.81,5373.26586404
1558828800,2019-05-26,7881.7,8793.97,8063.68,8731.72,19430.80768485
1558915200,2019-05-27,8611.44,8947.88,8732.34,8772.29,18163.72218119
1559001600,2019-05-28,8545,8822.46,8772.29,8715.36,11990.4786465
1559088000,2019-05-29,8426.09,8760.43,8715.36,8662.44,12327.60538948
1559174400,2019-05-30,7972,9090,8662.44,8279.69,31707.59661067
1559260800,2019-05-31,8110,8580,8279.69,8554.06,16598.9906999
1559347200,2019-06-01,8452.21,8618,8554.06,8558.95,7486.03153748
1559433600,2019-06-02,8550,8834,8558.8,8736.55,5865.28679631
1559520000,2019-06-03,8030.46,8742.48,8736.55,8107.96,16677.69381419
1559606400,2019-06-04,7427,8104.95,8104.95,7670.96,30486.58038816
1559692800,2019-06-05,7570,7932.87,7671.07,7789.48,13294.21843767
1559779200,2019-06-06,7450,7874.68,7787.36,7805,12526.0791548
1559865600,2019-06-07,7756.79,8134.29,7805,7998.13,12669.68777089
1559952000,2019-06-08,7786.01,8059.99,7998.13,7930.14,5088.51192976
1560038400,2019-06-09,7508.77,7960,7930.14,7634.58,7667.4720151
1560124800,2019-06-10,7516.9,8097.35,7635.05,8015.69,9866.51844682
1560211200,2019-06-11,7702.83,8057.19,8015.7,7918.17,7810.18254388
1560297600,2019-06-12,7817,8292.43,7913.64,8176.02,12826.8715595
1560384000,2019-06-13,8048.75,8329.99,8176.03,8239.04,8631.6679812
1560470400,2019-06-14,8180.08,8738.92,8239.04,8697.46,12739.93242229
1560556800,2019-06-15,8588.7,8916.63,8697.45,8860.23,9997.17582098
1560643200,2019-06-16,8799.7,9388,8856.13,8975,22620.39051169
1560729600,2019-06-17,8975.78,9475,8975.78,9333.14,20653.48868711
1560816000,2019-06-18,8919.72,9359.48,9333.08,9078.48,16415.4159215
1560902400,2019-06-19,9035.75,9319.5,9078.48,9277.54,9225.45675764
1560988800,2019-06-20,9210.3,9599,9277.55,9531.21,12144.51015941
1561075200,2019-06-21,9531.21,10245,9531.21,10236.2,24905.11878991
1561161600,2019-06-22,10080,11215.89,10235.59,10666.86,38347.96821307
1561248000,2019-06-23,10490,11284.44,10666.87,10833.02,17386.65814456
1561334400,2019-06-24,10550.21,11091.97,10833,11032.32,15499.05518954
1561420800,2019-06-25,10997,11788.88,11030.8,11755.53,25027.55358061
1561507200,2019-06-26,11350,13868.44,11754.25,12927.44,82377.604193
1561593600,2019-06-27,10300,13358.68,12927.44,11159.29,77275.98772137
1561680000,2019-06-28,10737.87,12444.77,11159.29,12360.45,42092.85495596
1561766400,2019-06-29,11318.94,12379.99,12360.42,11865.29,28879.34994129
1561852800,2019-06-30,10650.06,12200,11869.84,10761.26,28722.48538952
1561939200,2019-07-01,9953,11210.52,10761.26,10577.63,39825.95471069
1562025600,2019-07-02,9651,10925,10578.23,10829.18,43614.89365309
1562112000,2019-07-03,10829.19,12014.6,10829.19,11976.42,38216.68004129
1562198400,2019-07-04,11035.01,12064.26,11976.01,11136,22601.37480257
1562284800,2019-07-05,10761.8,11449.51,11137.87,11004.51,20737.37976413
1562371200,2019-07-06,10980.09,11723.6,10994.99,11237.77,15612.77821957
1562457600,2019-07-07,11084.31,11620,11237.77,11474.42,11293.22901394
1562544000,2019-07-08,11328.01,12395,11474.44,12293.53,20423.56124492
1562630400,2019-07-09,12105.32,12829.96,12293.39,12571.11,27431.42201721
1562716800,2019-07-10,11553.21,13202.63,12572.12,12097.96,41379.8431996
1562803200,2019-07-11,10933,12097.93,12097.48,11349,37301.32072503
1562889600,2019-07-12,11079.59,11950,11348.56,11802,18541.25295757
1562976000,2019-07-13,10814.4,11845,11797.53,11370.08,18417.60494114
1563062400,2019-07-14,10084.4,11467.27,11370.06,10185.03,25829.61014172
1563148800,2019-07-15,9857.27,11080.01,10190.91,10854.47,34137.37304062
1563235200,2019-07-16,9350,11040,10856.41,9422.72,43610.3814887
1563321600,2019-07-17,9071,9998,9429.8,9696.31,35319.410925
1563408000,2019-07-18,9291,10799,9696.39,10649.07,33044.50123646
1563494400,2019-07-19,10111,10777.21,10652.76,10538.06,19729.47932166
1563580800,2019-07-20,10360.65,11112.31,10536.92,10761.03,18390.4921253
1563667200,2019-07-21,10320,10835,10761.03,10590.7,11939.86553507
1563753600,2019-07-22,10060,10688.14,10590.71,10323.39,15798.9279419
1563840000,2019-07-23,9800.23,10324.28,10324.13,9840.12,18060.8898857
1563926400,2019-07-24,9507.38,9919.08,9848.9,9772.6,18264.50732336
1564012800,2019-07-25,9734.58,10184.99,9772.59,9883.33,13297.26756531
1564099200,2019-07-26,9657.21,9898.03,9880.86,9843,10732.61028519
1564185600,2019-07-27,9292,10248.41,9843,9479.98,18982.08417104
1564272000,2019-07-28,9108.88,9669.11,9469.37,9533,10054.74987437
1564358400,2019-07-29,9356.75,9729.87,9533,9495.01,10565.16661892
1564444800,2019-07-30,9371.96,9839.83,9499.21,9589.01,9411.16267094
1564531200,2019-07-31,9570.01,10135.12,9589.01,10087.3,12849.73773412
1564617600,2019-08-01,9881,10497,10089.97,10405.94,14432.5695627
1564704000,2019-08-02,10321.42,10670,10404.41,10533.01,13217.84401203
1564790400,2019-08-03,10500,10922.08,10533.62,10820.76,10082.35714313
1564876800,2019-08-04,10572,11089.74,10822.09,10977.51,11813.6738868
1564963200,2019-08-05,10977.98,11950,10977.98,11819.49,23345.19630495
1565049600,2019-08-06,11187,12320.4,11811.75,11465.49,24773.04936684
1565136000,2019-08-07,11366.26,12147,11465.49,11975.03,22145.48730119
1565222400,2019-08-08,11451,12050,11983.41,11981,14887.10999049
1565308800,2019-08-09,11651.89,12040,11982.39,11856.1,11774.51896894
1565395200,2019-08-10,11170,11969.99,11860.62,11280.95,13852.24742434
1565481600,2019-08-11,11088.88,11585,11280.95,11540.76,7329.58936485
1565568000,2019-08-12,11222.4,11555.55,11540.76,11389.28,6095.28181493
1565654400,2019-08-13,10746,11438.39,11389.25,10854.92,12500.34295603
1565740800,2019-08-14,9888.88,10859.97,10854.92,10025.86,24889.57722872
1565827200,2019-08-15,9470,10445,10021.13,10300.01,27939.82663467
1565913600,2019-08-16,9739.99,10539.9,10300.01,10352.78,19532.59596641
1566000000,2019-08-17,9978,10475.82,10352.78,10217.79,7307.99789432
1566086400,2019-08-18,10066.66,10513.45,10217.99,10315.48,6794.78437545
1566172800,2019-08-19,10265,10938.76,10315.48,10920,12220.3862029
1566259200,2019-08-20,10555.7,10953,10917.94,10769.09,8820.93622259
1566345600,2019-08-21,9841.59,10800,10768.49,10130,17445.28744509
1566432000,2019-08-22,9759,10237.53,10133.34,10107.15,10912.33836991
1566518400,2019-08-23,10035.84,10478,10105.61,10410.85,9413.53218337
1566604800,2019-08-24,9886.26,10429,10413.45,10147.96,7987.20795651
1566691200,2019-08-25,9899.95,10374.85,10148,10138.72,7288.06423633
1566777600,2019-08-26,10140.9,10680,10142,10361.65,14125.38101325
1566864000,2019-08-27,10019.56,10379.87,10361.65,10171.85,7514.28766499
1566950400,2019-08-28,9522.93,10277,10171.95,9714.31,17637.06892056
1567036800,2019-08-29,9321.73,9717.03,9714.01,9495,14421.69716916
1567123200,2019-08-30,9337.97,9699,9494.8,9582.42,8734.15084369
1567209600,2019-08-31,9436.2,9707.48,9582.42,9600.86,4057.20202851
1567296000,2019-09-01,9539.58,9840,9600.86,9766.52,4200.85038239
1567382400,2019-09-02,9756.54,10486.77,9766.62,10381.26,11794.06048881
1567468800,2019-09-03,10280,10790,10381.26,10628.48,15518.02066249
1567555200,2019-09-04,10380,10833.14,10628.48,10581.84,12180.82546922
1567641600,2019-09-05,10452.15,10666.43,10581.84,10574.73,7432.47882878
1567728000,2019-09-06,10182,10939.34,10574.28,10308.92,15732.60470722
1567814400,2019-09-07,10304.52,10580,10308.9,10484.37,4381.36082048
1567900800,2019-09-08,10231.13,10595,10484.37,10398.97,4915.56585169
1567987200,2019-09-09,10059.99,10541.75,10401.13,10310,9745.07271844
1568073600,2019-09-10,9916,10389.26,10310.01,10093.01,8098.57574372
1568160000,2019-09-11,9851.97,10297.12,10093,10160.2,8374.04003496
1568246400,2019-09-12,10040,10460,10158.81,10423.72,7625.24967791
1568332800,2019-09-13,10157,10452.5,10423.85,10365.93,6909.03483326
1568419200,2019-09-14,10223.36,10439,10365.94,10360.25,4470.31545378
1568505600,2019-09-15,10263.39,10380,10360.01,10304.46,2745.26528355
1568592000,2019-09-16,10068.42,10379.98,10303.66,10262.54,7785.7271484
1568678400,2019-09-17,10135.44,10276.18,10262.54,10185.39,5716.08222324
1568764800,2019-09-18,10074.08,10258,10185.42,10155.26,5627.58140023
1568851200,2019-09-19,9585.86,10379.15,10156.22,10275.01,15625.02434239
1568937600,2019-09-20,10056.3,10309.84,10275.01,10168.85,6183.91792313
1569024000,2019-09-21,9917.34,10170.15,10168.85,9973.99,5043.0795144
1569110400,2019-09-22,9848.37,10097,9973.99,10026.8,5276.95241027
1569196800,2019-09-23,9609.37,10051.15,10026.79,9693.74,11355.88878537
1569283200,2019-09-24,8159.35,9777.16,9693.74,8530.01,38736.2261491
1569369600,2019-09-25,8222.01,8743.86,8530.01,8438.35,23524.43263014
1569456000,2019-09-26,7712.45,8464.08,8438.35,8060,27664.78945578
1569542400,2019-09-27,7861.02,8290,8060,8193.99,15914.66412076
1569628800,2019-09-28,8015.25,8343,8193.99,8217.47,9039.55200543
1569715200,2019-09-29,7902.96,8246.87,8217.47,8052.4,7142.36916333
1569801600,2019-09-30,7701,8393.23,8054.09,8304.96,15142.61949966
1569888000,2019-10-01,8200,8535,8304.95,8321.52,12266.35796784
1569974400,2019-10-02,8168.85,8391,8321.87,8381.72,7016.97195206
1570060800,2019-10-03,8059.22,8419.95,8381.72,8240.41,7778.11842343
1570147200,2019-10-04,8002.21,8241.35,8241.27,8156.67,7715.28010237
1570233600,2019-10-05,8020.2,8200,8156.68,8147.63,3826.82870697
1570320000,2019-10-06,7780.85,8176.18,8147.63,7859.79,8697.93975986
1570406400,2019-10-07,7762.35,8310.57,7859.79,8209,10012.00725014
1570579200,2019-10-09,8121,8712.45,8180,8590,14459.7776891
1570665600,2019-10-10,8452.5,8660,8590.01,8587.5,7908.66988763
1570752000,2019-10-11,8226,8826,8587.49,8267.33,12446.84471206
1570838400,2019-10-12,8261.46,8425,8263.02,8309.03,3046.40450951
1570924800,2019-10-13,8146.47,8469.02,8309.03,8282.97,5858.03981575
1571011200,2019-10-14,8215.66,8409,8282.96,8355,4462.4931302
1571097600,2019-10-15,8085.65,8420,8355,8162.44,8558.56827956
1571184000,2019-10-16,7908.86,8171.59,8162.44,7993.54,8489.99546525
1571270400,2019-10-17,7937.01,8124.42,7995.81,8076.2,4909.27039643
1571356800,2019-10-18,7814.08,8117.77,8076.94,7954.16,7071.35598576
1571443200,2019-10-19,7873.46,8099.98,7954.15,7965.28,4839.48919554
1571529600,2019-10-20,7875.01,8309,7965.27,8236.12,6162.04807515
1571616000,2019-10-21,8156,8349.84,8235.94,8209.92,6137.13312184
1571702400,2019-10-22,7998.9,8317.14,8209.92,8024.72,6015.86741941
1571788800,2019-10-23,7296.44,8049,8024,7474.85,19159.93039884
1571875200,2019-10-24,7359.48,7509.99,7475.54,7430.87,7972.6408295
1571961600,2019-10-25,7389.91,8800.1,7430.87,8668,27140.20895781
1572048000,2019-10-26,8645.01,10540.49,8668,9259.78,53383.40194086
1572134400,2019-10-27,9102.33,9826.72,9259.98,9548.84,19636.4291242
1572220800,2019-10-28,9180.59,9939.69,9555.89,9226.5,16736.97258328
1572307200,2019-10-29,9068.19,9575,9225.06,9430.8,12640.19748534
1572393600,2019-10-30,8991.33,9431.36,9431.36,9164.44,9862.67699421
1572480000,2019-10-31,8950,9433,9164.45,9159.48,8326.9619179
1572566400,2019-11-01,9057.27,9299.99,9159.96,9253.12,7774.27145408
1572652800,2019-11-02,9210,9393,9253.09,9308.52,4559.26538837
1572739200,2019-11-03,9068.3,9380,9308.52,9206.52,4294.50041401
1572825600,2019-11-04,9127,9600,9206.52,9412.53,8361.9587774
1572912000,2019-11-05,9169.84,9474.89,9412.63,9322.09,7581.21667266
1572998400,2019-11-06,9253.66,9450,9322.09,9341.27,6829.68611819
1573084800,2019-11-07,9075,9375.16,9341.27,9198.84,5989.36091519
1573171200,2019-11-08,8660,9246,9198.85,8763.01,12876.55531942
1573257600,2019-11-09,8712.52,8873.48,8763.01,8807.89,4175.00938447
1573344000,2019-11-10,8731.43,9150,8807.89,9032.23,6070.46798596
1573430400,2019-11-11,8590,9067.34,9032.23,8721.54,7049.92853839
1573516800,2019-11-12,8556.56,8870,8721.53,8810,6272.86259557
1573603200,2019-11-13,8705,8838.8,8811,8758.34,4486.2787504
1573689600,2019-11-14,8558.01,8784.61,8758.34,8630,5607.47902352
1573776000,2019-11-15,8361,8773.22,8630.01,8457.48,10940.91541078
1573862400,2019-11-16,8423,8531.03,8457.48,8481,2712.33956982
1573948800,2019-11-17,8371.02,8637.01,8481,8500.01,3754.24485434
1574035200,2019-11-18,8015,8501.01,8501,8168.84,9864.11956342
1574121600,2019-11-19,7980.07,8197.82,8168.84,8123.36,7360.99550259
1574208000,2019-11-20,8030.05,8222.41,8123.36,8082.96,5296.45566165
1574294400,2019-11-21,7374.5,8114.97,8082.97,7616.46,16947.0184322
1574380800,2019-11-22,6775.47,7720,7616.48,7283.03,33676.50950942
1574467200,2019-11-23,7102.21,7361.41,7283.19,7329.29,7728.4239895
1574553600,2019-11-24,6865,7344,7329.29,6908.64,10695.00788503
1574640000,2019-11-25,6526,7379.99,6908.64,7127.01,27124.48255363
1574726400,2019-11-26,7021.84,7340.59,7127.01,7162.67,11857.43287032
1574812800,2019-11-27,6850,7678.76,7162.67,7523.72,19213.98364601
1574899200,2019-11-28,7370.62,7660.82,7524.73,7432.41,8646.63700515
1574985600,2019-11-29,7411,7870.1,7432.41,7760,10862.78844038
1575072000,2019-11-30,7453,7820,7759.99,7555.92,6130.42566398
1575158400,2019-12-01,7237.16,7555.92,7555.92,7404.27,8692.58780339
1575244800,2019-12-02,7157.33,7430,7405.33,7305.01,7029.95625983
1575331200,2019-12-03,7237.26,7412.85,7305.01,7302.94,6169.03965176
1575417600,2019-12-04,7080,7775,7302.94,7198.99,16490.16548626
1575504000,2019-12-05,7152.78,7489.87,7199,7393.54,9248.37658376
1575590400,2019-12-06,7305.75,7609.5,7393.55,7540.08,9346.34006931
1575676800,2019-12-07,7487,7643,7541.76,7502.19,4876.33856339
1575763200,2019-12-08,7387.5,7580.84,7502.2,7520,4243.5281669
1575849600,2019-12-09,7262.87,7659.38,7520,7337.51,10252.89331517
1575936000,2019-12-10,7156.03,7398,7337.51,7219.37,7187.10559074
1576022400,2019-12-11,7124.45,7263.31,7219.37,7201.23,5951.55939387
1576108800,2019-12-12,7075.01,7298.5,7201.24,7185.91,8578.07225074
1576195200,2019-12-13,7183.29,7299.21,7185.91,7249.9,6119.05346128
1576281600,2019-12-14,7008.03,7264.33,7249.9,7062.91,4334.04050458
1576368000,2019-12-15,7006.01,7220.01,7062.92,7111,4905.19442136
1576454400,2019-12-16,6803.24,7137,7111,6877.03,13170.13695005
1576540800,2019-12-17,6556,6933.21,6877.04,6616.62,14047.39777918
1576627200,2019-12-18,6430,7448.24,6616.62,7285.53,23097.53223695
1576713600,2019-12-19,7044.45,7371.7,7288.05,7149.12,10503.10731585
1576800000,2019-12-20,7073.66,7220,7149.13,7190,6020.22689987
1576886400,2019-12-21,7099.57,7190,7190,7143.01,3423.26190789
1576972800,2019-12-22,7125,7521.55,7143.01,7513.06,10202.17603024
1577059200,2019-12-23,7259.19,7688.99,7514.74,7310.79,15139.33988185
1577145600,2019-12-24,7151.08,7426.15,7310.79,7255.01,7797.31351736
1577232000,2019-12-25,7115.5,7265.12,7255.01,7192.12,3299.65944044
1577318400,2019-12-26,7140,7432.1,7192.12,7194.13,7669.0329008
1577404800,2019-12-27,7053.32,7254,7194.13,7245.83,8492.97603648
1577491200,2019-12-28,7232.55,7346,7245.83,7302.67,4621.76136294
1577577600,2019-12-29,7278.07,7531,7302.67,7384.89,6557.31229484
1577664000,2019-12-30,7200,7386.28,7384.57,7218,7347.22088262
1577750400,2019-12-31,7111,7298.67,7218.01,7165.72,6755.96883486
1577836800,2020-01-01,7136.05,7238.14,7165.72,7174.33,3350.63004888
1577923200,2020-01-02,6903,7186.18,7174.33,6945.02,8010.92738748
1578009600,2020-01-03,6854.67,7401.2,6945.02,7334.45,14056.39238489
1578096000,2020-01-04,7263.32,7398,7334.45,7348.63,4742.46620989
1578182400,2020-01-05,7312.22,7488.87,7348.63,7355.4,5942.01494574
1578268800,2020-01-06,7343.17,7805,7355.4,7764.63,11770.42968139
1578355200,2020-01-07,7723,8216,7764.63,8158.52,19857.45754518
1578441600,2020-01-08,7845,8469.39,8160.01,8045.51,23927.67532995
1578528000,2020-01-09,7744.48,8048.67,8047.75,7813.78,9477.65983784
1578614400,2020-01-10,7671,8199.77,7813.78,8198.09,13419.69851238
1578700800,2020-01-11,8000.01,8290,8198.09,8020,7557.36879269
1578787200,2020-01-12,7963.25,8185,8017.47,8180.81,3920.74009838
1578873600,2020-01-13,8041.95,8195.81,8180.81,8104.5,6678.02840315
1578960000,2020-01-14,8105.23,8893.69,8105.6,8815.69,27075.8082207
1579046400,2020-01-15,8550,8900,8812.58,8808.81,14977.61979023
1579132800,2020-01-16,8580,8850,8808.81,8714.76,9265.76423506
1579219200,2020-01-17,8665.67,9013,8714.77,8899.42,15447.36512517
1579305600,2020-01-18,8800.1,8980,8899.42,8909.32,5600.21827844
1579392000,2020-01-19,8465,9194.99,8908.95,8697.53,15218.51476182
1579478400,2020-01-20,8504.06,8734.84,8697.53,8628.89,5605.80561385
1579564800,2020-01-21,8465,8774.31,8628.89,8722.03,7520.65103045
1579651200,2020-01-22,8565,8791.76,8722.03,8660.38,5481.36960818
1579737600,2020-01-23,8278,8665,8660.38,8385.22,12206.24491133
1579824000,2020-01-24,8216.71,8509.99,8385.21,8427.26,8634.96792308
1579910400,2020-01-25,8252.73,8437.76,8427.58,8326.81,3783.20831697
1579996800,2020-01-26,8278.68,8595,8326.8,8595,5497.32293973
1580083200,2020-01-27,8556.6,8985,8595,8895.96,9548.60475006
1580169600,2020-01-28,8880.87,9418.91,8895.95,9394.5,17578.54006083
1580256000,2020-01-29,9224.75,9439.83,9391.14,9288.44,12233.05063864
1580342400,2020-01-30,9171.11,9574.68,9287.9,9503.08,12948.39766745
1580428800,2020-01-31,9195.49,9522.5,9502.71,9334.98,9719.06131452
1580515200,2020-02-01,9285.01,9458.08,9334.98,9380.18,4387.41986202
1580601600,2020-02-02,9140,9480,9380.18,9323.5,7307.92291459
1580688000,2020-02-03,9220,9619.95,9325.01,9280.49,11910.28572971
1580774400,2020-02-04,9078.05,9350,9280.49,9164.33,8190.74898707
1580860800,2020-02-05,9150,9769.7,9164.33,9613.82,13267.06193659
1580947200,2020-02-06,9521.47,9857,9613.91,9763.01,12672.13678163
1581033600,2020-02-07,9713.99,9885,9763.01,9808.05,8516.62840515
1581120000,2020-02-08,9653.47,9955,9807.92,9905.64,8100.97112281
1581206400,2020-02-09,9888.76,10178.91,9905.64,10168.35,9649.74938704
1581292800,2020-02-10,9736,10199,10168.36,9851.78,13249.58715176
1581379200,2020-02-11,9706,10400,9851.78,10270.01,16722.06581913
1581465600,2020-02-12,10250,10483.86,10270.01,10351.13,13740.9848527
1581552000,2020-02-13,10083.1,10522.51,10351.13,10236.49,17101.28534969
1581638400,2020-02-14,10102.5,10395.66,10236.49,10371.33,8026.49620683
1581724800,2020-02-15,9750,10400,10371.33,9911.22,12323.28859704
1581811200,2020-02-16,9612.12,10048.34,9911.22,9921,9430.32887897
1581897600,2020-02-17,9467,9969.38,9920.52,9700,10144.62802455
1581984000,2020-02-18,9610.27,10298.25,9700,10188.04,11606.56132767
1582070400,2020-02-19,9280.98,10315,10188.04,9600.08,16637.05014888
1582156800,2020-02-20,9393.39,9698.1,9593.48,9610.05,12382.01006133
1582243200,2020-02-21,9566.98,9769.66,9610.05,9695.66,7073.36617743
1582329600,2020-02-22,9575.01,9722.97,9695.66,9668.23,3301.24362823
1582416000,2020-02-23,9667.13,10025.66,9668.23,9965.01,5631.93728472
1582502400,2020-02-24,9474.74,10030,9965,9660,11274.83220813
1582588800,2020-02-25,9230,9681.56,9660,9305,9370.80406077
1582675200,2020-02-26,8602,9375.36,9304.99,8778.3,21610.46289952
1582761600,2020-02-27,8520,8972.92,8778.3,8812.49,14781.02020263
1582848000,2020-02-28,8428.8,8899.94,8814.9,8708.89,13643.28590301
1582934400,2020-02-29,8520.67,8799,8708.61,8525.07,5142.70830477
1583020800,2020-03-01,8400,8752.34,8523.33,8522.31,7353.13960471
1583107200,2020-03-02,8487.33,8973.45,8522.3,8915,10216.69254477
1583193600,2020-03-03,8635.31,8927.45,8919.21,8757.84,9152.7069265
1583280000,2020-03-04,8670.57,8847,8757.83,8760.66,5688.58509691
1583366400,2020-03-05,8759.99,9174.24,8759.99,9070.17,10073.31421239
1583452800,2020-03-06,9000.01,9182.08,9070.18,9158.51,6422.12885254
1583539200,2020-03-07,8850.47,9214.67,9158.51,8901.37,6478.25334502
1583625600,2020-03-08,8002.2,8901.37,8901.36,8037.76,16591.91410216
1583712000,2020-03-09,7630,8187.03,8037.73,7934.52,25563.61417462
1583798400,2020-03-10,7733.56,8158.25,7934.56,7894.68,17172.47130109
1583884800,2020-03-11,7583.27,7987.97,7894.68,7938.05,13647.86513876
1583971200,2020-03-12,4644,7969.45,7938.05,4857.1,113902.20332904
1584057600,2020-03-13,3858,5995,4857.1,5637.6,130316.64684438
1584144000,2020-03-14,5050,5669,5630.93,5165.25,32760.12278053
1584230400,2020-03-15,5085.91,5985,5161.16,5345.35,43763.76236813
1584316800,2020-03-16,4432.3,5350.3,5346.86,5037.61,80184.03685247
1584403200,2020-03-17,4935.6,5569.44,5039.95,5331.71,44347.15487325
1584489600,2020-03-18,5001,5452.82,5331.71,5413.64,37513.03523454
1584576000,2020-03-19,5261.69,6441.37,5413.88,6186.26,54666.67461085
1584662400,2020-03-20,5657,6990,6183.82,6206.1,53024.40103701
1584748800,2020-03-21,5851,6470,6210.47,6198.78,23514.96653599
1584835200,2020-03-22,5738,6420,6198.64,5818.25,28089.48698286
1584921600,2020-03-23,5678.2,6641.03,5815.24,6490.63,42437.97070062
1585008000,2020-03-24,6403.16,6866.1,6493.58,6766.64,40618.19870698
1585094400,2020-03-25,6470,6983.31,6766,6690.96,31266.36827545
1585180800,2020-03-26,6520.13,6795,6691.71,6758.18,17456.11705058
1585267200,2020-03-27,6260,6880,6760,6372.36,20458.24402051
1585353600,2020-03-28,6030,6372.36,6372.36,6251.82,20353.8748456
1585440000,2020-03-29,5870.46,6279.96,6251.45,5877.21,16111.23637843
1585526400,2020-03-30,5853,6631.23,5878.98,6406.4,23659.80264153
1585612800,2020-03-31,6333.91,6524.79,6406.4,6424.35,11939.0253308
1585699200,2020-04-01,6160,6744.99,6424.02,6666.11,17900.2508585
1585785600,2020-04-02,6570.92,7292.11,6666.11,6804.52,28761.00804113
1585872000,2020-04-03,6606.06,7050,6804.24,6741.99,14953.17963657
1585958400,2020-04-04,6658.16,7025.53,6741.99,6874.77,10217.67907796
1586044800,2020-04-05,6681,6925,6874.77,6778.25,8962.91059819
1586131200,2020-04-06,6773.28,7373.37,6778.64,7341.56,27992.01318781
1586217600,2020-04-07,7073,7466,7341.55,7200.01,22743.06622044
1586304000,2020-04-08,7154.22,7430,7200.01,7370.11,15429.12191833
1586390400,2020-04-09,7110,7377,7370.38,7293.24,12369.84267516
1586476800,2020-04-10,6750,7305.91,7293.23,6871.91,19671.19020798
1586563200,2020-04-11,6775,6955,6871.83,6889.65,8066.07536876
1586649600,2020-04-12,6787.44,7200,6889.78,6908.13,12733.98839119
1586736000,2020-04-13,6555,6908.13,6908.12,6861.21,22323.76661709
1586822400,2020-04-14,6771.41,6997.38,6860.51,6877.37,12868.6061641
1586908800,2020-04-15,6605.89,6940,6876.92,6624.12,14753.81361034
1586995200,2020-04-16,6456,7217.27,6623.62,7112.64,28117.55707545
1587081600,2020-04-17,7000,7156.66,7114.76,7037.46,13514.57644149
1587168000,2020-04-18,7021,7308,7036.45,7261.76,11510.52116868
1587254400,2020-04-19,7063.02,7275,7262.04,7130.71,8887.88875146
1587340800,2020-04-20,6748.72,7227.11,7130.7,6838.19,18396.60555727
1587427200,2020-04-21,6776,6959,6837.22,6853.68,14467.84248756
1587513600,2020-04-22,6826,7167.37,6853.67,7136.84,13141.14072302
1587600000,2020-04-23,7031.14,7775,7136.81,7488.83,22759.36481812
1587686400,2020-04-24,7390,7612.24,7491.5,7514.64,13764.56695369
1587772800,2020-04-25,7437.94,7720,7514.99,7547.61,7443.79619621
1587859200,2020-04-26,7490,7715,7547.61,7706.4,9292.64077746
1587945600,2020-04-27,7635.69,7810.99,7706.4,7789.77,15455.7361195
1588032000,2020-04-28,7672,7794.74,7789.77,7755.01,10984.76643504
1588118400,2020-04-29,7720,8988,7757.18,8793.75,48689.75030108
1588204800,2020-04-30,8407,9478.66,8794.99,8624.28,44843.9646793
1588291200,2020-05-01,8622.72,9075.98,8624.68,8829.42,21660.21988892
1588377600,2020-05-02,8762.01,9025,8829.42,8985.58,10539.26528999
1588464000,2020-05-03,8731.01,9203.52,8984.69,8909.95,17147.65372312
1588550400,2020-05-04,8533.98,8970,8907.85,8883.53,18380.62654424
1588636800,2020-05-05,8769.69,9126.27,8887.81,9028.79,16392.29936609
1588723200,2020-05-06,8922.13,9418,9028.78,9155.79,27650.87868274
1588809600,2020-05-07,9028.89,10079,9155.79,10004.77,39447.57511824
1588896000,2020-05-08,9730,10049,10000.37,9810,26363.71688893
1588982400,2020-05-09,9521,9920.73,9810.01,9537.21,17931.1748552
1589068800,2020-05-10,8106.7,9559.98,9537.21,8729.86,50909.84429757
1589155200,2020-05-11,8185,9182.66,8729.86,8572.4,39999.37731433
1589241600,2020-05-12,8534.85,8982.9,8572.4,8821.42,20219.23699186
1589328000,2020-05-13,8803.97,9420.18,8821.41,9321.26,21357.63022841
1589414400,2020-05-14,9257.15,9943.93,9320.85,9795.34,28752.36041568
1589500800,2020-05-15,9120,9849,9795.34,9312.1,25180.97967322
1589587200,2020-05-16,9215.01,9594.99,9312.1,9383.16,10782.32773503
1589673600,2020-05-17,9325.81,9896,9380.01,9676.63,13540.66294076
1589760000,2020-05-18,9436.97,9957.25,9677.45,9728.52,17710.29958398
1589846400,2020-05-19,9463.22,9898,9728.52,9783.76,15229.62610784
1589932800,2020-05-20,9294.54,9836.99,9783.57,9509.41,16895.54925055
1590019200,2020-05-21,8800,9568,9509.4,9061.96,28081.22890941
1590105600,2020-05-22,8923.5,9267.34,9059.32,9168.84,13731.91887098
1590192000,2020-05-23,9090.11,9313.83,9168.84,9181.76,6878.84791748
1590278400,2020-05-24,8680.7,9306.23,9181.09,8715.73,13004.34567862
1590364800,2020-05-25,8632.93,8977,8715.69,8899.31,12328.24203695
1590451200,2020-05-26,8694.23,9016.99,8900,8844.42,11507.43097855
1590537600,2020-05-27,8811.46,9230,8844.41,9208.53,10936.67835282
1590624000,2020-05-28,9112,9625,9208.53,9580.19,14511.07649252
1590710400,2020-05-29,9330.01,9609.02,9580.01,9423.84,10415.42644355
1590796800,2020-05-30,9326.43,9764,9423.85,9700.33,10509.69814742
1590883200,2020-05-31,9369.58,9705.6,9700.32,9446.57,7944.71669301
1590969600,2020-06-01,9417.42,10428,9445.83,10208.96,21676.60828748
1591056000,2020-06-02,9270,10237.6,10208.96,9522.46,33220.58268645
1591142400,2020-06-03,9385.22,9695,9521.53,9668.07,11446.72193696
1591228800,2020-06-04,9450,9888,9668.06,9788.03,12441.27298837
1591315200,2020-06-05,9585.44,9855,9791.96,9613.21,12495.89785858
1591401600,2020-06-06,9526.03,9735.13,9613.42,9671.7,6501.31731671
1591488000,2020-06-07,9370,9822,9670.28,9750.12,11628.94527829
1591574400,2020-06-08,9632.79,9815,9750.12,9781.51,8533.83614916
1591660800,2020-06-09,9567.33,9886,9781.51,9779.41,10329.87714811
1591747200,2020-06-10,9690,10018.67,9779.7,9894.04,12965.42597405
1591833600,2020-06-11,9050,9973.25,9894.35,9268.16,26779.8793933
1591920000,2020-06-12,9227,9552.87,9268.16,9464.17,10992.51647836
1592006400,2020-06-13,9346,9494.45,9464.71,9475,4581.79206303
1592092800,2020-06-14,9240,9481,9475,9325,4829.79726322
1592179200,2020-06-15,8895.01,9499,9328.63,9432.53,18589.28586581
1592265600,2020-06-16,9381,9592.04,9432.57,9526.25,10345.29526997
1592352000,2020-06-17,9227.03,9558.48,9526.25,9457.51,8937.92623229
1592438400,2020-06-18,9267.18,9482.66,9457.51,9376.14,6300.5664912
1592524800,2020-06-19,9229,9430,9376.14,9301.91,7871.9637482
1592611200,2020-06-20,9161,9391.71,9300.42,9355.74,6900.60934146
1592697600,2020-06-21,9273,9419.35,9355.74,9286.14,3088.66849893
1592784000,2020-06-22,9267.58,9792,9286.14,9690.74,11775.73858785
1592870400,2020-06-23,9572.22,9724.53,9690.67,9623.56,7946.97355694
1592956800,2020-06-24,9195,9663.38,9623.56,9285.91,13410.75869027
1593043200,2020-06-25,8979.07,9335,9285.94,9243.51,13529.05626726
1593129600,2020-06-26,9027.62,9291.73,9242.98,9155.42,10702.37319002
1593216000,2020-06-27,8815.01,9188.14,9155.42,9002.46,8507.26840968
1593302400,2020-06-28,8931.77,9189,9002.38,9113.24,5537.7575057
1593388800,2020-06-29,9014,9236.75,9113.23,9184.45,8658.42672493
1593475200,2020-06-30,9059.6,9201,9188.79,9136.2,6820.86740899
1593561600,2020-07-01,9088,9297.2,9135.91,9239.97,7550.15999655
1593648000,2020-07-02,8938,9265,9239.41,9091.53,10774.18558946
1593734400,2020-07-03,9036.74,9126.12,9091.98,9063.87,7738.46972112
1593820800,2020-07-04,9039.84,9195.84,9059.73,9138.51,5300.78823324
1593907200,2020-07-05,8905.84,9145,9138.51,9074.39,4601.32645918
1593993600,2020-07-06,9061.59,9375.9,9074.37,9343.31,9959.28200198
1594080000,2020-07-07,9201.57,9379.34,9343.31,9253.94,6326.83865418
1594166400,2020-07-08,9232.2,9475,9253.94,9435.28,10135.31536748
1594252800,2020-07-09,9154.79,9446.62,9435.28,9236.95,8450.14110132
1594339200,2020-07-10,9118,9322.23,9236.95,9291.05,6892.47061091
1594425600,2020-07-11,9182.35,9303.04,9291.04,9235,3369.21728725
1594512000,2020-07-12,9159.33,9347.53,9235,9303.37,5419.21357745
1594598400,2020-07-13,9193.52,9339.61,9303.38,9236.92,8698.43618823
1594684800,2020-07-14,9100,9280,9236.91,9256.94,7497.56309216
1594771200,2020-07-15,9154.01,9273.98,9256.94,9190.16,7196.32866271
1594857600,2020-07-16,9005,9216.02,9190.8,9130.11,8765.69858912
1594944000,2020-07-17,9054.99,9182.99,9130.93,9154.29,6423.74716202
1595030400,2020-07-18,9122.65,9210,9154.29,9175.85,4121.62697417
1595116800,2020-07-19,9105.37,9245.03,9175.83,9212.87,3520.07247613
1595203200,2020-07-20,9131,9223.51,9214.01,9161.05,5815.33084221
1595289600,2020-07-21,9157.04,9438,9161.05,9394.14,9603.9151125
1595376000,2020-07-22,9277,9567.77,9394.14,9536.18,10362.35264843
1595462400,2020-07-23,9450.04,9686,9536.2,9613.24,12992.9719195
1595548800,2020-07-24,9475.7,9645.55,9613.24,9551.21,9798.89346586
1595635200,2020-07-25,9536.64,9747.76,9551.21,9711.33,6973.11089437
1595721600,2020-07-26,9661.35,10150,9711.79,9941,11615.0460936
1595808000,2020-07-27,9935,11420,9941,11048.91,41850.57309953
1595894400,2020-07-28,10575,11259,11048.05,10934.23,26011.37513947
1595980800,2020-07-29,10843.47,11350,10934.22,11110.12,18556.27794282
1596067200,2020-07-30,10811,11188.65,11108.16,11115.95,12408.70410754
1596153600,2020-07-31,10975,11460,11115.99,11351.62,15747.02174952
1596240000,2020-08-01,11237.82,11888,11351.61,11810.07,18293.12524307
1596326400,2020-08-02,10546.15,12134.29,11810.07,11068.54,28118.42911355
1596499200,2020-08-04,11006.16,11417.11,11233.16,11197.04,12074.47851394
1596585600,2020-08-05,11073.7,11798.87,11197.05,11756.75,16637.78082145
1596672000,2020-08-06,11580.19,11916.68,11756.75,11773.89,18053.08146864
1596758400,2020-08-07,11350,11920,11773.89,11606.52,23761.51075422
1596844800,2020-08-08,11529.45,11818.18,11606.52,11774.98,7315.88456116
1596931200,2020-08-09,11532.04,11810.24,11773.24,11688.48,7595.96106535
1597017600,2020-08-10,11470.01,12086.22,11688.25,11899.73,22152.58893673
1597104000,2020-08-11,11120,11943,11899.87,11388.53,20706.60991744
1597190400,2020-08-12,11148.54,11625,11388.88,11566.45,12809.98917913
1597276800,2020-08-13,11274.14,11802.09,11566.44,11795.95,15369.40392513
1597363200,2020-08-14,11651.24,11865.97,11795.95,11779,13797.82000137
1597449600,2020-08-15,11688,11989.98,11777.5,11859.24,12567.03859346
1597536000,2020-08-16,11686.53,11940,11860.02,11918.84,8911.25397878
1597622400,2020-08-17,11775,12486.61,11918.84,12304.26,23814.66050181
1597708800,2020-08-18,11825,12400,12303.98,11950,18628.91287504
1597795200,2020-08-19,11569,12024.83,11954.22,11758.87,16646.31489492
1597881600,2020-08-20,11671.48,11892.16,11758.87,11864.26,8801.17750309
1597968000,2020-08-21,11480,11884.99,11864.26,11529.22,14865.37875873
1598054400,2020-08-22,11370,11693.16,11529.99,11672.93,7946.02465327
1598140800,2020-08-23,11525.62,11715,11672.92,11650.01,5516.17048181
1598227200,2020-08-24,11592.91,11823.62,11650.01,11753.85,7253.01922609
1598313600,2020-08-25,11102.73,11769.76,11753.26,11324.92,14348.63533296
1598400000,2020-08-26,11254.89,11539.99,11324.92,11463.27,9124.5541845
1598486400,2020-08-27,11125,11597.92,11463.27,11330.06,13517.39421459
1598572800,2020-08-28,11282.09,11550.51,11330.56,11535,10373.89590327
1598659200,2020-08-29,11422.21,11580,11535,11474.31,5417.54146196
1598745600,2020-08-30,11463.87,11720,11474.3,11716.01,5594.22582376
1598832000,2020-08-31,11576,11784.66,11716,11655,9123.59353747
1598918400,2020-09-01,11525.09,12086,11655,11924.22,16057.64432384
1599004800,2020-09-02,11160,11950,11924.22,11395.48,19721.44316904
1599091200,2020-09-03,10005,11474.99,11395.49,10172.52,30364.24398441
1599177600,2020-09-04,9895.22,10638.34,10172.13,10500.05,23366.46467779
1599264000,2020-09-05,9813,10564.8,10500.05,10168.36,22450.75807716
1599350400,2020-09-06,10000,10358.88,10169.58,10257.86,9516.19303239
1599436800,2020-09-07,9880,10410.9,10258.67,10375,11996.92866276
1599523200,2020-09-08,9819.83,10440.91,10375,10125.69,15768.31017626
1599609600,2020-09-09,9983.34,10349.99,10126.41,10224.56,9645.50409232
1599696000,2020-09-10,10216.41,10489,10224.56,10343.23,11237.01908035
1599782400,2020-09-11,10200,10411.44,10344.24,10394.41,7200.29156246
1599868800,2020-09-12,10276.19,10483.23,10394.41,10446.52,6495.30033616
1599955200,2020-09-13,10211,10582.36,10446.52,10336.76,10442.19360563
1600041600,2020-09-14,10253,10760.62,10336.76,10679.95,13532.95018331
1600128000,2020-09-15,10613.18,10950,10678.41,10783.75,12634.3292873
1600214400,2020-09-16,10662.02,11099.95,10783.36,10959.61,11003.70130082
1600300800,2020-09-17,10735.55,11044,10957.06,10943.61,8885.4490645
1600387200,2020-09-18,10813,11039.88,10943.99,10937.52,8660.059472
1600473600,2020-09-19,10891.78,11179.9,10937.5,11080,5718.02211829
1600560000,2020-09-20,10759.37,11081.37,11081.09,10920.89,6003.78509052
1600646400,2020-09-21,10180,10994,10920.94,10416.82,15004.71121349
1600732800,2020-09-22,10355,10576.82,10416.83,10531.13,7904.25642443
1600819200,2020-09-23,10135.22,10541.25,10531.13,10235.1,8893.24233647
1600905600,2020-09-24,10192.56,10795.87,10237.41,10740.01,9678.39349807
1600992000,2020-09-25,10551,10765.07,10740,10690.53,9690.62760986
1601078400,2020-09-26,10654.58,10828,10690.53,10730,3783.39739972
1601164800,2020-09-27,10595.24,10806.32,10730,10778.2,3880.03686062
1601251200,2020-09-28,10621.22,10956.11,10779,10695.55,8876.06156838
1601337600,2020-09-29,10636.13,10860.79,10694.9,10840.73,8200.78265336
1601424000,2020-09-30,10657.04,10847,10839.98,10779.63,6318.52943807
1601510400,2020-10-01,10427.75,10931.98,10779.63,10617.63,12848.73637335
1601596800,2020-10-02,10363.76,10668.56,10616.35,10573.12,10263.48290265
1601683200,2020-10-03,10498.02,10606.36,10573.12,10551.65,3211.70459291
1601769600,2020-10-04,10521.87,10697,10550.32,10671.11,3569.25620166
1601856000,2020-10-05,10621.12,10800,10670.01,10795,6081.38701926
1601942400,2020-10-06,10524,10800,10796.97,10602.66,7596.36372031
1602028800,2020-10-07,10546.78,10683.75,10601.2,10670.47,6108.04255109
1602115200,2020-10-08,10532.11,10963.16,10670.47,10933.09,11301.25106194
1602201600,2020-10-09,10834.49,11111.11,10932.44,11057.07,10098.3991552
1602288000,2020-10-10,11055.75,11498.98,11057.07,11299.5,9312.75916488
1602374400,2020-10-11,11276.28,11444.25,11299.52,11374.01,5163.46475688
1602460800,2020-10-12,11187.6,11736.02,11374.01,11535.46,11056.91558046
1602547200,2020-10-13,11312.59,11561.45,11535.46,11428.22,8639.21277154
1602633600,2020-10-14,11290.83,11556.37,11428.22,11427.7,7078.70152873
1602720000,2020-10-15,11263.15,11641.38,11427.7,11509.34,8538.52039637
1602806400,2020-10-16,11201,11550.01,11509.31,11328.95,9505.26615373
1602892800,2020-10-17,11264.75,11421,11328.27,11367.89,3586.1455215
1602979200,2020-10-18,11350.37,11523,11367.9,11514.2,4352.09499051
1603065600,2020-10-19,11416.04,11833,11514.2,11760.45,10313.23447344
1603152000,2020-10-20,11685,12050,11760.45,11923.83,13840.02481291
1603238400,2020-10-21,11900.01,13250.04,11923.07,12808,32404.63293167
1603324800,2020-10-22,12698.02,13200,12808.01,12987.02,20337.78966446
1603411200,2020-10-23,12722.72,13037,12988.2,12937.09,10450.87207186
1603497600,2020-10-24,12884.31,13175,12938,13126.24,7915.34663475
1603584000,2020-10-25,12890.76,13361,13126.34,13045,9276.17719938
1603670400,2020-10-26,12785,13250,13045.02,13068.79,12275.35826032
1603756800,2020-10-27,13061.28,13793.72,13068.79,13698.18,17267.43967837
1603843200,2020-10-28,12891.57,13863.87,13740.85,13281.05,21073.3766776
1603929600,2020-10-29,12976.29,13650,13281.06,13460,15796.07667651
1604016000,2020-10-30,13131.31,13687.82,13460,13571.51,15664.29047538
1604102400,2020-10-31,13424.73,14098.92,13571.51,13804.81,12166.30429818
1604188800,2020-11-01,13630.05,13906.74,13803.69,13771.59,6252.00619492
1604275200,2020-11-02,13215,13840,13771.7,13563.22,12191.83070954
1604361600,2020-11-03,13290,14081.45,13563.22,14035.8,13965.78812958
1604448000,2020-11-04,13530.01,14273.6,14034.35,14161.48,16894.77786852
1604534400,2020-11-05,14115,15775,14165.86,15608.21,31865.97472203
1604620800,2020-11-06,15190.36,15977.67,15608.06,15599.95,25150.39252742
1604707200,2020-11-07,14310,15779.24,15599.95,14834.09,23552.06912628
1604793600,2020-11-08,14721.9,15666,14834.09,15482.9,11856.3281802
1604880000,2020-11-09,14817.14,15856.9,15482.89,15342.25,21951.27612698
1604966400,2020-11-10,15090.08,15481.06,15342.1,15315.03,13489.67510052
1605052800,2020-11-11,15293.04,16000,15315.46,15705.79,15257.35722584
1605139200,2020-11-12,15446.82,16370.89,15705.79,16310.81,22153.73849401
1605225600,2020-11-13,15975,16491.92,16310.81,16339.56,14593.51518544
1605312000,2020-11-14,15708.24,16339.6,16339.56,16082.01,9205.916488
1605398400,2020-11-15,15796.09,16175.6,16082.01,15966.89,6250.07966791
1605484800,2020-11-16,15879,16892,15970,16726.64,13948.30524238
1605571200,2020-11-17,16575.42,17880,16726.49,17679.36,25230.22403641
1605657600,2020-11-18,17205.02,18488,17679.86,17782.91,32425.98660226
1605744000,2020-11-19,17356,18193.29,17790.18,17821.58,17141.49267548
1605830400,2020-11-20,17764.76,18830.3,17821.92,18675.25,17901.931678
1605916800,2020-11-21,18350,18980,18677.84,18721.21,13604.27139959
1606003200,2020-11-22,17610.77,18773.56,18721.21,18437.66,15423.83816127
1606089600,2020-11-23,18001,18777.77,18437.18,18384.82,17655.66362172
1606176000,2020-11-24,18052.02,19469,18384.82,19172.84,26623.09452709
1606262400,2020-11-25,18502,19500,19172.9,18721.93,20485.39373121
1606348800,2020-11-26,16200,18915.48,18717.24,17170,48644.17078197
1606435200,2020-11-27,16400,17475,17169.99,17153.95,23333.98429789
1606521600,2020-11-28,16880,17933.25,17155.43,17739.85,13157.9519653
1606608000,2020-11-29,17535.26,18359,17736.1,18202.04,8932.25029132
1606694400,2020-11-30,18201.47,19873.23,18202.02,19713.94,27293.4791942
1606780800,2020-12-01,18109,19915.14,19713.94,18782.97,30442.86543674
1606867200,2020-12-02,18335,19340,18778.18,19225.63,16227.13637423
1606953600,2020-12-03,18885,19625.64,19222.45,19448.64,14648.29683367
1607040000,2020-12-04,18576.05,19546.46,19446.43,18658.1,16382.87739223
1607126400,2020-12-05,18501,19189.98,18658.09,19158.96,7082.22230272
1607212800,2020-12-06,18878,19430.25,19158.96,19375.6,6665.28189472
1607299200,2020-12-07,18901,19432.57,19375.6,19177.71,8977.45166263
1607385600,2020-12-08,18200,19299.51,19177.08,18316.22,15161.86263318
1607472000,2020-12-09,17639,18647.33,18316.22,18546.55,20667.36635634
1607558400,2020-12-10,17905,18556.42,18546.55,18253.44,14899.20296937
1607644800,2020-12-11,17580,18293.08,18257.18,18042.15,16953.63356031
1607731200,2020-12-12,18023.57,18955.34,18044.19,18821.28,8616.1725039
1607817600,2020-12-13,18730,19421.03,18821.28,19166.65,10624.20069187
1607904000,2020-12-14,18967.68,19349.98,19166.65,19272.37,9102.36972564
1607990400,2020-12-15,19051.27,19565,19272.37,19444.6,15345.21212651
1608076800,2020-12-16,19300,21569.94,19443.19,21359.65,33350.23500216
1608163200,2020-12-17,21252.01,23776.94,21360.5,22826.48,53602.34952384
1608249600,2020-12-18,22329,23280,22826.37,23137.76,24829.23581848
1608336000,2020-12-19,22770,24200,23138.89,23849.99,20577.66441198
1608422400,2020-12-20,23100,24300,23850,23476.51,14963.41787144
1608508800,2020-12-21,21913.84,24118.75,23476.51,22729.4,25728.63855953
1608595200,2020-12-22,22380.05,23839.78,22729.4,23823.27,18597.6512303
1608681600,2020-12-23,22600,24090,23824.13,23228.35,23412.12172023
1608768000,2020-12-24,22712.89,23785,23226.18,23717.96,16440.75295146
1608854400,2020-12-25,23416,24770.95,23718.61,24704.71,15792.47583445
1608940800,2020-12-26,24490.01,26822,24704.71,26475.35,24782.44015598
1609027200,2020-12-27,25772.55,28387,26482.64,26258.65,33627.00745897
1609113600,2020-12-28,26086.19,27477,26255.16,27040.36,21265.70934972
1609200000,2020-12-29,25833.73,27396.77,27039.39,27366.35,20668.10433798
1609286400,2020-12-30,27311.73,29018.26,27366.35,28897.42,28181.49681491
1609372800,2020-12-31,28000,29321.9,28897.42,28990.08,28813.88691084
1609459200,2021-01-01,28700,29688.88,28990.08,29412.84,22211.25251806
1609545600,2021-01-02,29039,33300,29413.29,32225.91,46675.24652146
1609632000,2021-01-03,32008.62,34810,32222.88,33080.66,36951.71650628
1609718400,2021-01-04,27678,33666.99,33082.84,32019.99,46045.38968508
1609804800,2021-01-05,29891.13,34499.67,32020.22,34030.64,42282.56920027
1609891200,2021-01-06,33352.54,37000,34043.91,36859.26,45744.10320015
1609977600,2021-01-07,36200,40425,36859.26,39505.56,50346.30569052
1610064000,2021-01-08,36565.08,41986.37,39510.55,40665.15,48522.48490272
1610150400,2021-01-09,38800,41406.94,40642.15,40257.43,27152.97102881
1610236800,2021-01-10,34444,41452.12,40257.43,38171.57,43736.57031589
1610323200,2021-01-11,30100,38273.88,38168.89,35452.59,102503.15672849
1610409600,2021-01-12,32500,36604.51,35456.89,34038.98,48227.62752035
1610496000,2021-01-13,32309.04,37888,34035.53,37393.66,39608.73718747
1610582400,2021-01-14,36751.11,40127.66,37393.67,39125.14,31868.76049365
1610668800,2021-01-15,34298.93,39697,39123.05,36754.67,36421.05918785
1610755200,2021-01-16,35372.59,37948,36754.6,36006.94,20861.42545209
1610841600,2021-01-17,33850.03,36860,36004.8,35820,19182.04934663
1610928000,2021-01-18,34736.46,37402,35820.01,36624.23,16609.64108414
1611014400,2021-01-19,35895.11,37857,36624.23,35917.28,18904.77910604
1611100800,2021-01-20,33387.01,36415.34,35921.91,35503.09,25445.70800774
1611187200,2021-01-21,30011,35628.24,35498.85,30855.95,50473.11375071
1611273600,2021-01-22,28732,33867,30855.9,32984.93,48155.72161708
1611360000,2021-01-23,31432.19,33488.79,32982.66,32112.01,16139.81478284
1611446400,2021-01-24,30931.21,33086.53,32110,32288.56,13618.80097809
1611532800,2021-01-25,31920.8,34888,32293.18,32261.87,23045.66293389
1611619200,2021-01-26,30830,32960.37,32260.52,32510.82,23535.83891688
1611705600,2021-01-27,29156,32584.62,32510.82,30407.13,46207.08537355
1611792000,2021-01-28,29902.14,34000,30414.11,33488.99,36007.06269488
1611878400,2021-01-29,31990,38570.13,33487.92,34262.11,72641.07974951
1611964800,2021-01-30,32852.86,34900,34262.11,34315.63,21362.15173754
1612051200,2021-01-31,32200,34387.75,34315.63,33137.74,16436.39757593
1612137600,2021-02-01,32333,34728.57,33137.75,33533.19,21975.41378272
1612224000,2021-02-02,33450,36000,33534.39,35512.67,19995.83908338
1612310400,2021-02-03,35393.8,37723.72,35513,37678.37,23781.96945181
1612396800,2021-02-04,36156.45,38769,37688.42,36975,31699.36292316
1612483200,2021-02-05,36605.87,38349,36976.59,38311.49,17842.70173175
1612569600,2021-02-06,38250,41000,38327.09,39265.43,27102.80602941
1612656000,2021-02-07,37371.35,39737.83,39266.1,38871.42,20297.87256102
1612742400,2021-02-08,38057.01,46750,38871.43,46448.1,47934.0103883
1612828800,2021-02-09,45020,48200,46453.66,46514.73,36418.79365116
1612915200,2021-02-10,43706.86,47349.99,46514.73,44850,25818.01157857
1613001600,2021-02-11,44011,48690,44850,47997.91,26222.60477552
1613088000,2021-02-12,46300,48912,47993.6,47408.34,23503.15583529
1613174400,2021-02-13,46300,48199,47408.34,47232.45,12020.8773325
1613260800,2021-02-14,47100.13,49700,47240.75,48680.69,15146.55244091
1613347200,2021-02-15,45768.46,49093.44,48667.23,47936.37,19432.15278111
1613433600,2021-02-16,47051.22,50645,47935.66,49158.71,23053.20561135
1613520000,2021-02-17,48942.87,52640.35,49141.43,52170.01,25675.171441
1613606400,2021-02-18,50875,52549.99,52170.01,51601.73,15689.40275173
1613692800,2021-02-19,50725,56370.05,51596,55983.56,27961.48197104
1613779200,2021-02-20,54000.1,57563.57,55983.57,55923.52,22137.82194494
1613865600,2021-02-21,55531.23,58367,55921.44,57489.16,13530.43444443
1613952000,2021-02-22,46616,57577.69,57489.16,54142.13,49449.16575779
1614038400,2021-02-23,44888.08,54206.22,54125.67,48899.99,72300.585728
1614124800,2021-02-24,47002,51415.41,48899.99,49737.82,30732.14949499
1614211200,2021-02-25,46700,52107.83,49737.81,47058.48,28011.20414657
1614297600,2021-02-26,44150,48464.64,47063.9,46326.2,36048.6181927
1614384000,2021-02-27,45055,48356.86,46319.79,46180.75,16290.28071728
1614470400,2021-02-28,43016,46656,46169.92,45231.75,22745.60600179
1614556800,2021-03-01,45042.13,49829,45231.74,49639.4,25068.25043716
1614643200,2021-03-02,47075.11,50250,49635.3,48511.6,17063.56302004
1614729600,2021-03-03,48161.75,52666,48502.18,50360,21301.47723933
1614816000,2021-03-04,47502,51798.33,50370.33,48368.52,23386.97957577
1614902400,2021-03-05,46219.32,49473.99,48370.97,48769.47,25468.18029576
1614988800,2021-03-06,47077,49210,48766.01,48909.84,11877.83755909
1615075200,2021-03-07,48909.83,51459,48909.84,50978.61,13965.15473114
1615161600,2021-03-08,49328.62,52425,50976.22,52415.23,18856.28684439
1615248000,2021-03-09,51845.01,54936,52413.17,54916.38,21177.14953983
1615334400,2021-03-10,53025,57402.14,54921.61,55890.69,28326.07770941
1615420800,2021-03-11,54283,58113,55888.7,57815.47,24369.21216789
1615507200,2021-03-12,55050,58065.92,57820.15,57225.91,21760.53824103
1615593600,2021-03-13,56083.74,61788.45,57220.84,61178.5,22301.28588901
1615680000,2021-03-14,58950,61680,61181.38,58972.7,13581.96759058
1615766400,2021-03-15,54568,60601.07,58972.71,55636.15,31651.39184131
1615852800,2021-03-16,53221,56970,55629.08,56927.11,24432.37878722
1615939200,2021-03-17,54138.01,58996.38,56924.26,58925.54,22687.57433043
1616025600,2021-03-18,56996.15,60100,58925.54,57644.95,21459.4962399
1616112000,2021-03-19,56260,59461.99,57644.95,58039.66,16429.629743
1616198400,2021-03-20,57827.97,59928,58026.91,58116.7,9725.28123717
1616284800,2021-03-21,55543.89,58651.22,58126.34,57363.32,11841.63877891
1616371200,2021-03-22,53739.5,58421.68,57377.29,54110.07,19512.15647151
1616457600,2021-03-23,53000,55858,54111.49,54345.54,19221.75674
1616544000,2021-03-24,51673.82,57209.97,54333.27,52276.16,23775.21362623
1616630400,2021-03-25,50305,53238,52259.69,51325.01,29642.04415588
1616716800,2021-03-26,51250,55125.13,51320.76,55072.44,17843.00738205
1616803200,2021-03-27,53966,56640,55080.9,55856.53,11333.33349523
1616889600,2021-03-28,54701,56587.08,55856.54,55778.82,9235.80302347
1616976000,2021-03-29,54900,58400,55781.22,57613.48,17552.36885101
1617062400,2021-03-30,57000,59397.48,57613.76,58786.46,15105.07669026
1617148800,2021-03-31,56873.8,59800,58786.46,58800,17376.62672814
1617235200,2021-04-01,57930,59474.94,58800.01,58726.48,11096.33004907
1617321600,2021-04-02,58441.88,60055.02,58726.47,58981.04,10966.93017846
1617408000,2021-04-03,56943,59752,58981.04,57094.34,8405.26400491
1617494400,2021-04-04,56478.53,58500,57094.34,58215.94,6301.43187883
1617580800,2021-04-05,56817.64,59251.76,58216.73,59123.02,9204.86323941
1617667200,2021-04-06,57333.33,59475,59134.07,58019.98,10354.33014603
1617753600,2021-04-07,55400,58630,58021.67,55955.75,17787.29445084
1617840000,2021-04-08,55700,58152,55962.67,58083.1,8073.59731731
1617926400,2021-04-09,57670.51,58869.69,58083.1,58092.68,8094.74629652
1618012800,2021-04-10,57875.41,61218.97,58092.68,59778.6,12817.81106734
1618099200,2021-04-11,59177.06,60658.89,59778.59,59985.26,7278.96516665
1618185600,2021-04-12,59369,61199,59983.66,59839.82,11467.72752999
1618272000,2021-04-13,59799.01,63774.39,59836.88,63588.22,17897.76603088
1618358400,2021-04-14,61277.91,64899,63588.22,62971.8,22570.84113444
1618444800,2021-04-15,62036.73,63831.82,62971.8,63229.04,11209.4505281
1618531200,2021-04-16,60048.43,63604.34,63229.04,61427.27,19867.41322269
1618617600,2021-04-17,59700,62572.48,61427.27,60058.86,10847.76785762
1618704000,2021-04-18,51300,60437.97,60067.2,56274.41,36891.70959047
1618790400,2021-04-19,54187.85,57600,56273.65,55696.83,16838.39171629
1618876800,2021-04-20,53430.01,57111,55696.83,56499.29,18608.27983583
1618963200,2021-04-21,53620.91,56810.56,56477.67,53800.86,15584.08398293
1619049600,2021-04-22,50400,55469.98,53795.62,51701.59,30427.89153907
1619136000,2021-04-23,47464.65,52130.58,51695.98,51187.27,38794.85818376
1619222400,2021-04-24,48726.87,51260.61,51187.75,50089.15,11839.14355893
1619308800,2021-04-25,47044.01,50591.38,50101.42,49121,14633.51206544
1619395200,2021-04-26,48817.62,54400,49121,54053.6,18005.22399425
1619481600,2021-04-27,53321,55509.39,54047.8,55069.62,13957.08649512
1619568000,2021-04-28,53887,56476.17,55069.61,54894.03,16484.33677655
1619654400,2021-04-29,52369.61,55226.86,54889.81,53580,14592.31688772
1619740800,2021-04-30,53068.43,58075.01,53580,57798.77,16536.33288912
1619827200,2021-05-01,57050.94,58550,57798.77,57859.28,10787.04933216
1619913600,2021-05-02,56072,57972.26,57859.28,56625.2,7647.62578087
1620000000,2021-05-03,56500,58986,56625.21,57212.73,15165.00648795
1620086400,2021-05-04,53057.7,57247.24,57212.73,53241.92,23492.0586849
1620172800,2021-05-05,52913.02,57980.86,53241.91,57515.69,22918.90458572
1620259200,2021-05-06,55288,58400,57515.69,56440.66,18244.13605211
1620345600,2021-05-07,55300,58735.95,56444.82,57380.39,18323.8958022
1620432000,2021-05-08,56980.01,59559.84,57380.39,58958.05,15374.94442964
1620518400,2021-05-09,56265.3,59300.52,58958.06,58312.57,17169.72318523
1620604800,2021-05-10,53600,59592.2,58313.84,55866.41,24647.23540718
1620691200,2021-05-11,54511.48,56962.07,55866.38,56753.19,15446.63591676
1620777600,2021-05-12,48500,58041,56753.19,49498.77,29660.84273553
1620864000,2021-05-13,46000,52500,49498.76,49690.11,42250.08740789
1620950400,2021-05-14,48895,51569.56,49682.28,49893.48,21987.79362448
1621036800,2021-05-15,46573,50730.58,49893.48,46775.51,21936.11454712
1621123200,2021-05-16,43825,49808.28,46771.01,46450.79,30655.33064729
1621209600,2021-05-17,42101,46646.15,46450.78,43580.5,43660.22208427
1621296000,2021-05-18,42300,45851,43571.89,42857.15,28210.30024018
1621382400,2021-05-19,30000,43591.7,42865.05,36731.75,109537.24233282
1621468800,2021-05-20,35000,42605,36735.44,40623.33,51445.79735691
1621555200,2021-05-21,33501.54,42275.99,40623.24,37340.77,55961.90006046
1621641600,2021-05-22,35257.52,38889.76,37333.09,37476.83,29239.02738254
1621728000,2021-05-23,31111,38319.36,37476.84,34758.67,53433.30296532
1621814400,2021-05-24,34407.17,39966.87,34758.88,38878.56,44419.45827713
1621900800,2021-05-25,36481.26,39878.51,38874.53,38361.81,26107.55687287
1621987200,2021-05-26,37837.36,40900,38361.81,39293.23,25107.68631485
1622073600,2021-05-27,37191.99,40440.95,39293.23,38556.88,19390.89447264
1622160000,2021-05-28,34688,38900,38556.88,35680.47,36231.72333985
1622246400,2021-05-29,33650.86,37325,35680.48,34627.82,27999.15073256
1622419200,2021-05-31,34183,37534.09,35669.44,37279.31,19527.11600162
1622505600,2021-06-01,35669.14,37918.97,37276.23,36685,15713.10281689
1622592000,2021-06-02,35920,38237.37,36684.99,37577.91,13952.35891376
1622678400,2021-06-03,37184.88,39489.82,37581.83,39248.55,14325.7560692
1622764800,2021-06-04,35593.22,39291.24,39248.54,36856.52,17917.63251152
1622851200,2021-06-05,34832.17,37921.35,36856.53,35539.49,13654.69033381
1622937600,2021-06-06,35258,36477.86,35539.97,35800.48,8184.50324318
1623024000,2021-06-07,33333,36812.39,35800.48,33575.91,18997.71626987
1623110400,2021-06-08,31004.95,34069,33567.26,33402.13,34937.55754915
1623196800,2021-06-09,32408.53,37573.99,33402.13,37403.86,26040.89793254
1623283200,2021-06-10,35800,38425.67,37404.75,36694.05,19853.81418911
1623369600,2021-06-11,35944,37695,36694.91,37338.44,14142.19349961
1623456000,2021-06-12,34635.47,37448,37340.08,35557.33,14516.54556279
1623542400,2021-06-13,34780.57,39396,35557.32,39015.24,15748.96203951
1623628800,2021-06-14,38744.83,41076.03,39015.24,40539.47,21916.84415956
1623715200,2021-06-15,39510.98,41322.55,40537.93,40162.37,17020.70299457
1623801600,2021-06-16,38105,40499,40158.06,38351,17238.57541183
1623888000,2021-06-17,37365.63,39554.98,38351,38095.17,15970.35031651
1623974400,2021-06-18,35153.16,38216.22,38103.94,35841.81,23472.37724375
1624060800,2021-06-19,34833.26,36457.18,35840.96,35484.79,16801.08670642
1624147200,2021-06-20,33347.05,36139.73,35484.8,35585.78,19400.07454207
1624233600,2021-06-21,31259,35741.54,35585.79,31609.82,41304.39903519
1624320000,2021-06-22,28800,33352,31609.82,32538.37,48409.17333487
1624406400,2021-06-23,31708.03,34881.02,32538.9,33688.35,23124.81248294
1624492800,2021-06-24,32300,35295.67,33688.51,34654.58,16868.94084747
1624579200,2021-06-25,31300,35500,34654.87,31594.63,26505.19266978
1624665600,2021-06-26,30173.49,32711.68,31594.62,32275.19,18299.38702942
1624752000,2021-06-27,32002.21,34749,32267.59,34709.23,14428.92978925
1624838400,2021-06-28,33864.99,35301.43,34708.53,34493.22,14920.2647883
1624924800,2021-06-29,34233.35,36675,34493.22,35904.28,17917.59826258
1625011200,2021-06-30,34033,36094.42,35906.17,35060,16700.72309396
1625097600,2021-07-01,32703.48,35066.54,35060,33516.11,13210.9509733
1625184000,2021-07-02,32704.73,33972.06,33510.93,33805.02,11765.65389836
1625270400,2021-07-03,33320,34953.07,33805.01,34682.16,6197.80112922
1625356800,2021-07-04,34390.53,35951,34685.03,35284.05,6224.03057033
1625443200,2021-07-05,33156.86,35290.82,35284.06,33697.78,9607.60619891
1625529600,2021-07-06,33300,35100,33697.78,34225.73,10313.01368118
1625616000,2021-07-07,33770.01,35077.46,34225.72,33878.56,9404.8979867
1625702400,2021-07-08,32111,33934.62,33879.5,32875.95,14147.3525248
1625788800,2021-07-09,32255.24,34100,32875.95,33824.26,8320.90649257
1625875200,2021-07-10,33027.83,34267.14,33824.25,33515.35,4906.24582215
1625961600,2021-07-11,33333.33,34607.37,33515.35,34259.23,7023.06500489
1626048000,2021-07-12,32665,34670,34259.22,33091.1,10145.24046995
1626134400,2021-07-13,32201.12,33337.61,33077.43,32734.14,9478.04218884
1626220800,2021-07-14,31600,33125.55,32734.14,32816.39,10355.3186961
1626307200,2021-07-15,31064.77,33187.6,32815.75,31868.68,11273.61174025
1626393600,2021-07-16,31025.42,32259.16,31872.49,31388.06,10006.47793721
1626480000,2021-07-17,31179.01,31949.99,31389.57,31533.91,5695.57411588
1626566400,2021-07-18,31125.6,32450,31533.9,31788.25,5006.4831051
1626652800,2021-07-19,30429.99,31887.82,31786.37,30842.03,11027.00528966
1626739200,2021-07-20,29301.56,31052.65,30842.04,29796.16,18114.15286104
1626825600,2021-07-21,29501.02,32825,29796.15,32135.19,15598.47830878
1626912000,2021-07-22,31729.68,32611.84,32152.68,32287.74,7704.6404628
1626998400,2021-07-23,32000,33647.27,32287.75,33647.26,9004.84262627
1627084800,2021-07-24,33424.7,34525,33647.27,34283.01,9864.75243703
1627171200,2021-07-25,33888.89,35451.04,34291.67,35428.26,9434.63002297
1627257600,2021-07-26,35251.54,40593.93,35428.25,37262.77,40354.54555841
1627344000,2021-07-27,36413.26,39550,37262.76,39470.48,24709.10440908
1627430400,2021-07-28,38803.34,40925.56,39475.99,40035.1,27198.33358111
1627516800,2021-07-29,39229.47,40644.85,40035.1,40039.44,11022.42512817
1627603200,2021-07-30,38342,42320.57,40039.44,42237.95,15063.2344059
1627689600,2021-07-31,41064.11,42414.61,42233.66,41495.01,9351.94288576
1627776000,2021-08-01,39426,42605.64,41499,39865.41,10617.67293456
1627862400,2021-08-02,38690,40459.68,39859.18,39149.59,12379.41216528
1627948800,2021-08-03,37627.21,39785.3,39149.59,38191.44,15094.81739624
1628035200,2021-08-04,37509,39965.1,38189.4,39722.41,15327.67624669
1628121600,2021-08-05,37300,41447.89,39718.9,40888.74,28507.85532682
1628208000,2021-08-06,39876.74,43399.26,40888.73,42869.58,20425.1145444
1628294400,2021-08-07,42457.27,44750,42869.59,44637.34,19634.79475606
1628380800,2021-08-08,43131.97,45363.83,44628.11,43829.14,18712.27158173
1628467200,2021-08-09,42821.3,46497.42,43829.15,46285.48,19464.72493503
1628553600,2021-08-10,44650.27,46718.44,46280,45595.66,13756.50066875
1628640000,2021-08-11,45350.74,46781.09,45601.82,45553.49,11628.32043954
1628726400,2021-08-12,43714.36,46223.95,45553.1,44422.14,13169.78176994
1628812800,2021-08-13,44249.64,47953.9,44422.15,47833.64,11794.94196257
1628899200,2021-08-14,46034.93,48176.52,47833.64,47109.65,8130.36769388
1628985600,2021-08-15,45525.19,47400,47109.64,47014.49,7745.70200802
1629072000,2021-08-16,45676.91,48076.52,47014.38,45902.46,10467.66031475
1629158400,2021-08-17,44405.39,47174.62,45903.22,44671.58,12756.14777945
1629244800,2021-08-18,44216.47,46035.27,44675.34,44707.98,10327.49887365
1629331200,2021-08-19,43955,47088.08,44709.1,46765.87,11938.12185013
1629417600,2021-08-20,46644.95,49400,46769.02,49342.4,13184.67048641
1629504000,2021-08-21,48285.28,49821.92,49349.99,48867.02,9574.83615164
1629590400,2021-08-22,48102.89,49526.13,48870.21,49284.63,6243.39643384
1629676800,2021-08-23,49012.84,50505,49284.38,49506.5,10824.26838095
1629763200,2021-08-24,47600,49875.9,49504.53,47682.45,12068.33823315
1629849600,2021-08-25,47122.02,49277,47682.45,48987.33,9289.23177109
1629936000,2021-08-26,46315.48,49365.1,48991.57,46851.47,11651.34373853
1630022400,2021-08-27,46361.01,49185.12,46851.47,49077.57,8924.12247655
1630108800,2021-08-28,48370,49309.83,49081.08,48942.94,4895.70191319
1630195200,2021-08-29,47801,49667.1,48942.89,48802.58,6935.09511006
1630281600,2021-08-30,46866,48906.51,48802.58,46993.71,12249.23741495
1630368000,2021-08-31,46708.93,48259.68,46996.8,47112.5,12919.43970212
1630454400,2021-09-01,46537.62,49125,47110.33,48839.86,13010.83839478
1630540800,2021-09-02,48620.73,50392.19,48834.27,49279.37,14120.3826407
1630627200,2021-09-03,48349.66,51064.44,49279.38,50025,14577.22621879
1630713600,2021-09-04,49400,50558.75,50025,49942.98,7595.48816499
1630800000,2021-09-05,49500,51907.08,49944.89,51789.17,7743.93472308
1630886400,2021-09-06,51020.08,52802.03,51789.17,52698.81,9571.75471136
1630972800,2021-09-07,42830.77,52944.96,52698.8,46894.5,29022.815351
1631059200,2021-09-08,44423.49,47381.47,46894.49,46060.36,19624.55093117
1631145600,2021-09-09,45511.82,47400,46059.94,46400,13594.64633403
1631232000,2021-09-10,44140.48,47040.76,46396.26,44851.45,14905.54795341
1631318400,2021-09-11,44730.29,45989.94,44850.37,45171.83,6207.38337004
1631404800,2021-09-12,44754.31,46462.98,45173.66,46024.23,6499.85821749
1631491200,2021-09-13,43465,46900,46027.8,44947.72,15015.30289712
1631577600,2021-09-14,44679.92,47274.92,44953.23,47127.22,12644.16435358
1631664000,2021-09-15,46705,48475,47127.81,48148.12,12139.84206628
1631750400,2021-09-16,47020.82,48499.99,48144.03,47753.16,11739.27966629
1631836800,2021-09-17,46752.67,48176.64,47753.15,47303.5,9088.56956453
1631923200,2021-09-18,47050,48825.62,47306.87,48314.56,7491.03449237
1632009600,2021-09-19,46850.87,48379.19,48309.86,47255.92,7086.34626236
1632096000,2021-09-20,42500,47358.92,47253.71,43012.97,27706.67636162
1632182400,2021-09-21,39600,43639.88,43007.69,40719.6,27275.33818249
1632268800,2021-09-22,40570.42,44035.44,40736.81,43575.1,19462.53865157
1632355200,2021-09-23,43096.73,45000,43575.19,44897.59,13446.87468684
1632441600,2021-09-24,40683.29,45200,44896.55,42848.92,22451.57711462
1632528000,2021-09-25,41675,42998.76,42848.44,42705.51,7383.32390261
1632614400,2021-09-26,40803,43937,42705.51,43178.02,9971.64545213
1632700800,2021-09-27,42111,44366.96,43172.17,42171.76,10094.77099806
1632787200,2021-09-28,40897.7,42780,42166.31,41026.07,10491.81363045
1632873600,2021-09-29,40750.12,42638.99,41030.19,41522.16,10303.30152312
1632960000,2021-09-30,41409.67,44110.17,41519.11,43824.43,12835.9838101
1633046400,2021-10-01,43287.44,48500,43828.89,48165.76,20095.33155568
1633132800,2021-10-02,47451,48359.33,48165.76,47657.69,7262.63442143
1633219200,2021-10-03,47120.11,49300,47663.74,48233.99,7989.25925892
1633305600,2021-10-04,46916.7,49505,48233.99,49245.54,13938.64182971
1633392000,2021-10-05,49057.18,51906.23,49244.13,51493.99,17828.59726658
1633478400,2021-10-06,50416.01,55757.11,51499.77,55339.48,25869.64925998
1633564800,2021-10-07,53379,55356.85,55346.95,53797.82,15820.83417633
1633651200,2021-10-08,53634.41,56113,53805.46,53963.82,12416.9019906
1633737600,2021-10-09,53675,55500,53965.18,54962.29,7123.05512404
1633824000,2021-10-10,54112.95,56545.24,54963.29,54690.53,9370.1912382
1633910400,2021-10-11,54411.54,57833.23,54683.09,57487.44,13422.42081815
1633996800,2021-10-12,53873.78,57674.55,57485.97,56005.1,15457.00896085
1634083200,2021-10-13,54236.09,57771.33,56005.1,57367.32,14691.01338574
1634169600,2021-10-14,56832.32,58520.71,57367.32,57359.51,12198.02457938
1634256000,2021-10-15,56867.11,62910,57359.51,61695.39,27105.19764492
1634342400,2021-10-16,60139.01,62350,61690.32,60877.42,10161.25819825
1634428800,2021-10-17,58943.83,61744.17,60867.05,61527.11,9153.32273471
1634515200,2021-10-18,59887.74,62675.19,61530.07,62042.41,19798.1489024
1634601600,2021-10-19,61333,64500,62042.4,64303.14,17380.30486176
1634688000,2021-10-20,63525,66999,64303.14,66026.54,19194.45410878
1634774400,2021-10-21,62050,66650.85,66021.26,62204.02,23474.39133313
1634860800,2021-10-22,60000,63750,62204.01,60687.64,17217.70765017
1634947200,2021-10-23,59650,61750,60682.88,61300.01,6708.15013802
1635033600,2021-10-24,59522.89,61491.96,61300.02,60854.48,8573.72719199
1635120000,2021-10-25,60653.5,63726.58,60847.91,63083.54,10496.58058683
1635206400,2021-10-26,59837.07,63290.49,63081.96,60337.62,12181.48144997
1635292800,2021-10-27,58100,61488,60333.19,58455.47,18856.68565412
1635379200,2021-10-28,57653.88,62477.47,58462.73,60591.65,19354.49897509
1635465600,2021-10-29,60188.73,62974,60591.63,62276.72,15497.01101939
1635552000,2021-10-30,60725.01,62379.2,62287.95,61892.41,6793.59698552
1635638400,2021-10-31,60001,62427.02,61896.38,61343.68,8371.1698899
1635724800,2021-11-01,59500,62500,61346.17,60949.54,11724.34161877
1635811200,2021-11-02,60672.16,64300,60956.4,63266.51,13694.11539462
1635897600,2021-11-03,60070,63568.36,63266.5,62935.41,12951.87181247
1635984000,2021-11-04,60728.77,63114.14,62935.4,61444.5,11051.75853921
1636070400,2021-11-05,60777,62638.59,61444.49,61006.15,10598.79620286
1636156800,2021-11-06,60125,61599.25,61006.14,61539.31,6366.43859189
1636243200,2021-11-07,61397.86,63327.96,61539.3,63309.13,5596.02460734
1636329600,2021-11-08,63309.12,67792.77,63309.12,67554.84,17661.87297159
1636416000,2021-11-09,66261.79,68568.85,67554.13,66944.66,14996.62508818
1636502400,2021-11-10,62800,69000,66938.76,64912.2,19030.24517744
1636588800,2021-11-11,64133.78,65600,64912.2,64807.59,10259.51472415
1636675200,2021-11-12,62300,65477.06,64807.73,64147.9,13658.626579
1636761600,2021-11-13,63394.17,64990,64144.42,64400.01,5968.10354833
1636848000,2021-11-14,63596.9,65525,64400.01,65505.02,6081.57225975
1636934400,2021-11-15,63371,66339.9,65505.03,63624.59,10426.55522646
1637020800,2021-11-16,58638,63624.6,63621.05,60107.98,24910.15267457
1637107200,2021-11-17,58380,60824.38,60101.56,60351.51,20907.21545076
1637193600,2021-11-18,56514.13,60977.21,60351.51,56898,26749.21203012
1637280000,2021-11-19,55625,58412.12,56898.46,58122.16,18554.56064192
1637366400,2021-11-20,57423.35,59900,58122.15,59760.76,7584.65241653
1637452800,2021-11-21,58509.69,60070,59760.76,58671.21,6661.36635434
1637539200,2021-11-22,55641.03,59526.51,58671.22,56280.81,15889.22078935
1637625600,2021-11-23,55377,57886.03,56280.81,57566.85,14019.78167156
1637712000,2021-11-24,55875.01,57607.97,57562.65,57162.66,12509.25971944
1637798400,2021-11-25,57037.04,59445.99,57158.58,58987.27,10668.67680723
1637884800,2021-11-26,53533,59194,58994.72,53757.67,25946.30174683
1637971200,2021-11-27,53642.58,55316.67,53757.67,54759.05,7899.30349126
1638057600,2021-11-28,53327,57490,54759.04,57317.17,8222.42493442
1638144000,2021-11-29,56730,58908.27,57318.51,57838.06,13454.23335496
1638230400,2021-11-30,55910.33,59249.77,57838.06,56987.97,18038.78770838
1638316800,2021-12-01,56465.75,59118.84,56998.35,57226.5,16607.30872879
1638403200,2021-12-02,55845,57423.69,57226.51,56521.46,12969.21952648
1638489600,2021-12-03,51640,57670.68,56521.45,53638.04,19567.63113833
1638576000,2021-12-04,42333,53876.09,53633.02,49241.12,39023.32978526
1638662400,2021-12-05,47827,49783,49235.26,49484.22,21727.13821193
1638748800,2021-12-06,47200,51105,49484.21,50529.56,23082.30465624
1638835200,2021-12-07,50067.1,51995,50529.56,50625.48,14107.33216632
1638921600,2021-12-08,48650.02,51250,50625.24,50519.68,13138.99183299
1639008000,2021-12-09,47323.23,50844.86,50520.94,47568.43,15749.4243393
1639094400,2021-12-10,46900,50148.49,47568.43,47170.94,15689.5742182
1639180800,2021-12-11,46786.78,49517.18,47170.94,49407.75,11045.22374119
1639267200,2021-12-12,48665.43,50828.13,49424.47,50089.64,10411.08180306
1639353600,2021-12-13,45727.92,50218.42,50089.64,46727.89,20797.28834629
1639440000,2021-12-14,46300,48686.91,46727.89,48367.43,17107.0342879
1639526400,2021-12-15,46530,49500,48359.23,48884.78,21621.70983741
1639612800,2021-12-16,47524.66,49459.39,48878.83,47634.22,12731.23681745
1639699200,2021-12-17,45469.32,48000,47634.2,46166.5,18556.07900007
1639785600,2021-12-18,45515.72,47368.73,46159.87,46859.46,8170.85303229
1639872000,2021-12-19,46440.11,48351.92,46857.49,46687.19,9518.7071282
1639958400,2021-12-20,45568,47548.93,46687.2,46926.07,16039.38510407
1640044800,2021-12-21,46645.05,49339.31,46926.07,48914.7,15461.4105731
1640131200,2021-12-22,48450,49595,48914.7,48608.62,10753.4990677
1640217600,2021-12-23,48032.16,51397.82,48608.61,50842.2,16627.04627954
1640304000,2021-12-24,50445.55,51878.6,50842.06,50851.38,11690.45418179
1640390400,2021-12-25,50191.84,51171.68,50852.31,50428.31,5550.57153185
1640476800,2021-12-26,49460,51295.33,50428.31,50801.79,6863.39473781
1640563200,2021-12-27,50480,52100,50804.33,50717.77,11596.91468191
1640649600,2021-12-28,47300.23,50720.35,50720.35,47543.09,23116.75583707
1640736000,2021-12-29,46094.02,48149.58,47542.2,46471.24,20326.32142372
1640822400,2021-12-30,45938.44,47926.15,46471.24,47122.08,27413.65364976
1640908800,2021-12-31,45650,48574.7,47122.09,46211.24,19010.24134509
1640995200,2022-01-01,46205,47967.12,46211.24,47733.43,9463.6617111
1641081600,2022-01-02,46633.36,47990,47733.43,47299.07,6833.49845548
1641168000,2022-01-03,45700,47583.33,47299.06,46459.56,10841.81020453
1641254400,2022-01-04,45515,47532.89,46459.57,45814.61,16320.32712866
1641340800,2022-01-05,42500,47076.55,45817.13,43436.04,25067.67476765
1641427200,2022-01-06,42432.99,43794.5,43446.34,43083.76,20780.04784989
1641513600,2022-01-07,40571.53,43144.72,43081.79,41565.18,26122.19990673
1641600000,2022-01-08,40505.3,42318.97,41564.57,41684.84,15454.11315131
1641686400,2022-01-09,41209.53,42831.12,41684.84,41876.52,11074.22498167
1641772800,2022-01-10,39650,42250,41876.52,41824.07,25232.35739583
1641859200,2022-01-11,41274.8,43130,41824.06,42753.44,19697.46613255
1641945600,2022-01-12,42459.21,44342.83,42749.84,43920.37,16250.21469714
1642032000,2022-01-13,42325,44453.22,43921.21,42581.65,14772.09478571
1642118400,2022-01-14,41752,43473.98,42576.27,43090.72,13545.75086459
1642204800,2022-01-15,42577.35,43819.39,43090.72,43098.2,6318.38550193
1642291200,2022-01-16,42600,43497.24,43098.2,43104.34,6481.6580227
1642377600,2022-01-17,41567.64,43200,43104.34,42218.01,10963.85191034
1642464000,2022-01-18,41287.79,42692.71,42214.66,42369.74,13658.50365699
1642550400,2022-01-19,41126,42586.03,42372.15,41674.27,15642.41727542
1642636800,2022-01-20,40555,43511.99,41672.14,40670.97,17860.82318928
1642723200,2022-01-21,35422,41127.79,40671.77,36456.94,50742.89616126
1642809600,2022-01-22,34017.56,36835.93,36456.67,35066.43,30044.12486365
1642896000,2022-01-23,34625,36555.55,35075.7,36282.47,17440.22740453
1642982400,2022-01-24,32933.33,37574.63,36275.28,36693.32,38776.29020908
1643068800,2022-01-25,35716.15,37579.81,36687.58,36980,21597.52201359
1643155200,2022-01-26,36254.97,38960,36980,36840.63,27403.99125336
1643241600,2022-01-27,35526.36,37249,36846.22,37188.37,23601.4620954
1643328000,2022-01-28,36162.48,38023.74,37188.37,37741.9,22716.16494796
1643414400,2022-01-29,37300,38748.43,37741.9,38191.1,13103.19076443
1643500800,2022-01-30,37365.31,38384.07,38189.82,37901.35,10632.53591257
1643587200,2022-01-31,36640.94,38785.04,37904.99,38491.93,19654.98487168
1643673600,2022-02-01,38021.53,39300,38492.53,38716.88,16379.93141492
1643760000,2022-02-02,36584.29,38888.88,38714.27,36923.39,13787.58718711
1643846400,2022-02-03,36259.01,37450.75,36923.39,37329.91,13283.28624677
1643932800,2022-02-04,37051.36,41788.81,37324.61,41614.64,22537.5582634
1644019200,2022-02-05,40955.4,41970,41613.75,41404.85,11187.20118795
1644105600,2022-02-06,41135.39,42719.93,41411.59,42415.16,6447.88488893
1644192000,2022-02-07,41678.79,44533,42416.06,43868.07,20040.49860442
1644278400,2022-02-08,42688,45519.24,43868.08,44085.59,20387.64565183
1644364800,2022-02-09,43155.5,44865.46,44087.58,44416.35,12785.8117079
1644451200,2022-02-10,43210,45855,44416.39,43527.71,20024.52326862
1644537600,2022-02-11,42000,43962.13,43521.88,42386.47,19367.4151999
1644624000,2022-02-12,41750,43050,42386.47,42244.97,8664.419567
1644710400,2022-02-13,41885.61,42781.96,42244.91,42074.99,6208.94093653
1644796800,2022-02-14,41570,42876.15,42073.37,42548.71,14805.98338836
1644883200,2022-02-15,42433.28,44775.96,42548.71,44583.52,14154.73452625
1644969600,2022-02-16,43330.59,44585.69,44580.73,43895.56,9663.44040395
1645056000,2022-02-17,40099.99,44195.62,43895.55,40536.73,18630.10842181
1645142400,2022-02-18,39425.07,40990.9,40537.94,39983.56,16491.0130588
1645228800,2022-02-19,39655,40469.82,39993.64,40101.94,6277.30201343
1645315200,2022-02-20,38000,40146.07,40101.93,38389.03,10972.32175685
1645401600,2022-02-21,36811,39506.91,38395.99,37023,20970.76378699
1645488000,2022-02-22,36350,38469.06,37022.11,38251.48,22767.08772002
1645574400,2022-02-23,37055,39276.85,38251.67,37268.19,15510.11329997
1645660800,2022-02-24,34322,39720,37268.18,38347.3,42124.51876077
1645747200,2022-02-25,38016.44,39716,38347.3,39238.48,20761.66924479
1645833600,2022-02-26,38592.04,40300.5,39242.71,39137.8,8601.67109728
1645920000,2022-02-27,37020,39875.71,39146.97,37717.08,14440.23638182
1646006400,2022-02-28,37455.71,44240.77,37716.57,43192.66,25699.68423401
1646092800,2022-03-01,42850,44993.12,43189.61,44439.95,22596.96095342
1646179200,2022-03-02,43342.16,45426.45,44440,43912.34,17466.98591437
1646265600,2022-03-03,41811,44096.45,43916.47,42464.41,19278.28224695
1646352000,2022-03-04,38577.01,42524.87,42464.41,39166.51,24080.60599433
1646438400,2022-03-05,38587.27,39600,39166.5,39402.43,8440.51638896
1646524800,2022-03-06,38091.02,39730.5,39407.87,38408.38,10099.98545246
1646611200,2022-03-07,37161.88,39556.58,38406.82,37994,19544.28414901
1646697600,2022-03-08,37851.54,39376.65,37991.05,38749.38,19132.76914326
1646784000,2022-03-09,38655.98,42597.84,38749.16,41953.97,24651.67344036
1646870400,2022-03-10,38560.85,42053.84,41949.28,39433.71,20814.01456026
1646956800,2022-03-11,38234.08,40251.51,39431.4,38732.04,15908.57521389
1647043200,2022-03-12,38654.02,39472.17,38732.33,38813.02,5644.14686801
1647129600,2022-03-13,37580.86,39318.19,38815.56,37793.01,8046.37612453
1647216000,2022-03-14,37560.4,39906.39,37793.4,39674.17,13566.81093809
1647302400,2022-03-15,38135,39900,39678.51,39298.1,14924.67641882
1647388800,2022-03-16,38850,41717.67,39298.11,41127.97,22805.48259593
1647475200,2022-03-17,40521,41486,41127.96,40950.33,15717.77421989
1647561600,2022-03-18,40130,42396.04,40950.23,41774.98,17181.15226772
1647648000,2022-03-19,41534.89,42429,41781.37,42232.26,8630.97283924
1647734400,2022-03-20,40918.72,42330.1,42232.05,41287.24,7621.03036678
1647820800,2022-03-21,40509,41578.33,41287.24,41017.71,10996.47661055
1647907200,2022-03-22,40885.19,43389.79,41017.7,42378.26,19913.28660924
1647993600,2022-03-23,41766.79,43036.95,42376.03,42899.71,13745.27563632
1648080000,2022-03-24,42627.48,44241,42899.71,44012.29,21827.93263859
1648166400,2022-03-25,43605.8,45130.91,44012.36,44331.85,19128.13735444
1648339200,2022-03-27,44437.22,46950,44538.21,46850.01,10356.10317002
1648425600,2022-03-28,46662.28,48240,46850.01,47144.92,18787.66318707
1648512000,2022-03-29,46589,48124.94,47146.92,47454.19,15776.65108647
1648598400,2022-03-30,46544.89,47717.01,47448.41,47078.03,12672.44584707
1648684800,2022-03-31,45211,47624.09,47078.02,45528.45,17454.79144251
1648771200,2022-04-01,44232.86,46739.24,45525.25,46296.34,18111.13598043
1648857600,2022-04-02,45642.89,47219.46,46296.36,45826.27,8380.14274375
1648944000,2022-04-03,45552.07,47469.4,45826.24,46422.16,8773.77185888
1649030400,2022-04-04,45129.93,46900,46420.08,46596.83,13802.44111729
1649116800,2022-04-05,45371.16,47200,46594.39,45506.5,14390.57308541
1649203200,2022-04-06,43115.26,45523.25,45509.92,43166.7,24250.37283725
1649289600,2022-04-07,42734.69,43908.58,43166.71,43452.18,13245.36612438
1649376000,2022-04-08,42112,44000,43444.71,42262.02,11929.52123708
1649462400,2022-04-09,42118.96,42816.38,42261.9,42766.93,4805.71689778
1649548800,2022-04-10,41885.86,43443.32,42766.46,42165.96,5770.49368126
1649635200,2022-04-11,39204.59,42424.14,42165.96,39535.87,17229.3729009
1649721600,2022-04-12,39250,40705.68,39535.88,40086.23,13866.41847396
1649808000,2022-04-13,39550,41570.88,40086.7,41146.68,11457.63380548
1649894400,2022-04-14,39573.8,41512.43,41147.15,39954.08,11020.37202049
1649980800,2022-04-15,39770.22,40850,39953.62,40554.58,6448.01134712
1650067200,2022-04-16,40005,40699.99,40554.6,40387.6,4084.16565112
1650153600,2022-04-17,39553.07,40605.46,40387.6,39683.54,4833.31493601
1650240000,2022-04-18,38550,41100,39681.11,40803.58,13090.79423386
1650326400,2022-04-19,40571.99,41772.94,40810.87,41503.85,10218.113707
1650412800,2022-04-20,40900,42209.58,41501.56,41377.61,14609.28392672
1650499200,2022-04-21,39744.75,43109.47,41371.88,40480.81,17204.35326683
1650585600,2022-04-22,39174.8,40802.65,40483.38,39712.25,16871.32104798
1650672000,2022-04-23,39296.19,39993.82,39712.2,39465.87,6957.16710365
1650758400,2022-04-24,39000,39945.74,39459.63,39464.56,6436.45656858
1650844800,2022-04-25,38210.24,40605.3,39463.75,40439.22,20515.87532995
1650931200,2022-04-26,37700,40817.16,40440.9,38113.82,21648.1142493
1651017600,2022-04-27,37882.83,39470,38118.43,39251.11,20832.19649199
1651104000,2022-04-28,38883.83,40400,39251.02,39743.22,16718.83057299
1651190400,2022-04-29,38161.85,39926.8,39741.21,38593.1,14282.25993546
1651276800,2022-04-30,37590,38795,38592.27,37644.1,6931.07200088
1651363200,2022-05-01,37401,38675.37,37640.35,38473.05,7980.89975954
1651449600,2022-05-02,38041,39181.27,38469.49,38510.89,17946.98346298
1651536000,2022-05-03,37505.01,38643.48,38510.88,37719.59,17946.99450089
1651622400,2022-05-04,37651.38,40038.27,37719.58,39669.56,21513.95419034
1651708800,2022-05-05,35568,39864.55,39669.56,36537.22,28832.99792317
1651795200,2022-05-06,35255.4,36664.4,36537.22,35999.1,28626.6487821
1651881600,2022-05-07,34785,36125,35999.1,35458,11372.45319184
1651968000,2022-05-08,33701,35499.93,35458,34027.91,22357.51152059
1652054400,2022-05-09,30010,34231.54,34033.49,30078.27,55136.45332765
1652140800,2022-05-10,29735.05,32645.49,30078.27,31002.39,55818.01900282
1652227200,2022-05-11,27682.38,32185.9,31002.39,28972.34,61128.25296303
1652313600,2022-05-12,25338.53,30091.2,28977.75,28941.95,70702.60931849
1652400000,2022-05-13,28662.7,30990,28941.95,29232.18,34643.05118869
1652486400,2022-05-14,28564.38,30287.58,29234.73,30041.88,15245.46818403
1652572800,2022-05-15,29436.06,31418.35,30041.9,31290.05,16440.89298551
1652659200,2022-05-16,29055,31293.31,31290.02,29839.89,22646.18507353
1652745600,2022-05-17,29415.01,30750,29839.89,30412.12,19833.30676705
1652832000,2022-05-18,28605,30675.92,30412.1,28672.94,28348.42643576
1652918400,2022-05-19,28645.2,30500,28671.5,30274.59,29009.9710577
1653004800,2022-05-20,28690.92,30729.83,30274.59,29155.75,34328.18791921
1653091200,2022-05-21,28913.26,29613.34,29155.74,29408.26,9998.48360206
1653177600,2022-05-22,29211,30457.9,29407.4,30260.87,11774.13662231
1653264000,2022-05-23,28847.72,30635.39,30258.04,29082.52,25413.0825529
1653350400,2022-05-24,28611,29802,29079.31,29626.44,17077.03870179
1653436800,2022-05-25,29296.12,30192.08,29627.61,29503.49,17180.56600794
1653523200,2022-05-26,28000,29850,29503.48,29166.06,26598.58606063
1653609600,2022-05-27,28220,29355.4,29166.06,28598.31,21035.53736928
1653696000,2022-05-28,28500,29239.52,28598.31,29008.99,7717.34367577
1653782400,2022-05-29,28809.84,29550,29008.99,29447.07,6727.92770357
1653868800,2022-05-30,29273.65,32232.16,29447.08,31711.42,24915.37275974
1653955200,2022-05-31,31195.9,32383.96,31716.67,31784.05,21187.77667355
1654041600,2022-06-01,29308.01,31964.56,31784.18,29788.79,26857.46263482
1654128000,2022-06-02,29558.61,30655,29789.19,30433.75,18519.12608247
1654214400,2022-06-03,29213.47,30674.95,30429.12,29670.85,15016.78184772
1654300800,2022-06-04,29454.14,29952,29672.77,29843.18,6390.75942952
1654387200,2022-06-05,29505.65,30158.44,29837.56,29901.54,5482.4963235
1654473600,2022-06-06,29866.44,31745,29899.62,31343.61,20384.91220986
1654560000,2022-06-07,29200,31549.21,31349.59,31106.9,23234.0811685
1654646400,2022-06-08,29829.98,31306.32,31111,30177,16775.53319148
1654732800,2022-06-09,29904,30679.72,30182.92,30079.62,13334.23491125
1654819200,2022-06-10,28821.15,30337.83,30079.59,29063.11,23208.77056569
1654905600,2022-06-11,28080.01,29411.11,29058.79,28388.63,13276.76193059
1654992000,2022-06-12,26532.95,28516.33,28395.03,26555.2,18661.94193886
1655078400,2022-06-13,21920,26869.35,26555.17,22460.97,81724.84469418
1655164800,2022-06-14,20816.4,23299.22,22460.97,22120.25,47382.80135514
1655251200,2022-06-15,20071,22769.12,22120.23,22562.33,62040.45345538
1655337600,2022-06-16,20200,22974.1,22562.33,20372,37587.2170128
1655424000,2022-06-17,20209.73,21338.7,20371.96,20447.86,25560.04919013
1655510400,2022-06-18,17567.45,20750,20447.86,18948.89,52894.97568032
1655596800,2022-06-19,17934.26,20795.11,18944.66,20552.44,29383.34368967
1655683200,2022-06-20,19603.8,21041.62,20552.39,20549.75,24904.11647858
1655769600,2022-06-21,20328.03,21711,20547.68,20696.96,23770.75139634
1655856000,2022-06-22,19751.51,20873.52,20699.63,19968.46,26569.63207564
1655942400,2022-06-23,19869.41,21211.97,19970.07,21104.45,21460.76883515
1656028800,2022-06-24,20712.54,21537.46,21104.45,21223.72,21361.7652594
1656115200,2022-06-25,20900,21594.5,21221.13,21478.04,12877.9734191
1656201600,2022-06-26,20944.68,21866,21474.14,21027.92,11145.88852674
1656288000,2022-06-27,20500,21520,21024.85,20725.17,17440.94268269
1656374400,2022-06-28,20164.7,21189.99,20722.95,20252.89,17658.6604167
1656460800,2022-06-29,19823.43,20410.91,20253.5,20094.79,18278.45185883
1656547200,2022-06-30,18603,20143.53,20098,19985.62,28361.45876221
1656633600,2022-07-01,18938.33,20879.99,19985.62,19252.76,32977.00052272
1656720000,2022-07-02,18955.02,19422.02,19252.76,19224.03,10707.74160684
1656806400,2022-07-03,18755.75,19622.33,19225.54,19291.33,11826.36538269
1656892800,2022-07-04,19029.33,20331.76,19291.35,20211.35,14462.57230204
1656979200,2022-07-05,19274.95,20734.89,20212.42,20153.51,21938.40185419
1657065600,2022-07-06,19743,20650,20153.74,20542.67,18489.12900774
1657152000,2022-07-07,20224.8,21855.72,20542.66,21614.6,25211.332802
1657238400,2022-07-08,21172,22490.54,21618.04,21582.2,25311.00378887
1657324800,2022-07-09,21311.04,21959.3,21582.28,21583.99,9424.31410235
1657411200,2022-07-10,20636.53,21595.75,21582.23,20850.65,9610.90399408
1657497600,2022-07-11,19860.12,20854.32,20850.65,19942.43,16061.45339697
1657584000,2022-07-12,19226.47,20037.46,19942.44,19303.65,21631.52226271
1657670400,2022-07-13,18892,20330.71,19304.71,20220.23,28211.91563971
1657756800,2022-07-14,19607.14,20893.73,20219.69,20577.02,24371.50910244
1657843200,2022-07-15,20368.67,21196.37,20574.96,20827.55,17731.34162095
1657929600,2022-07-16,20475.94,21582.71,20823.06,21189.68,12479.60342503
1658016000,2022-07-17,20750.1,21667.1,21189.23,20791.74,11450.67396279
1658102400,2022-07-18,20755.95,22777,20791.74,22427.56,31445.5132866
1658188800,2022-07-19,21578.57,23800,22434.97,23395.06,34808.90125305
1658275200,2022-07-20,22899,24287.13,23398.46,23226.99,34094.81155381
1658361600,2022-07-21,22340.07,23434.65,23225.24,23153.96,24113.43095206
1658448000,2022-07-22,22505.56,23763.55,23152.76,22687.68,20884.25890814
1658534400,2022-07-23,21941.01,23006.16,22688.85,22450.69,12592.30066753
1658620800,2022-07-24,22263.85,23036.46,22451.36,22583.43,9132.96152481
1658707200,2022-07-25,21254.97,22665.74,22583.37,21313.41,22277.31378773
1658793600,2022-07-26,20715,21344.43,21312.06,21261.57,19333.35688939
1658880000,2022-07-27,21045.73,23110.73,21260.22,22962.59,24206.7301153
1658966400,2022-07-28,22580.86,24206.11,22960.74,23851.7,25681.25351287
1659052800,2022-07-29,23429.71,24450,23851.66,23784.5,18431.00204878
1659139200,2022-07-30,23516.11,24666,23787.84,23650.13,13265.47821461
1659225600,2022-07-31,23240.01,24192.18,23648.15,23307.44,7969.64723008
1659312000,2022-08-01,22850,23518.89,23307.44,23273.86,12543.48560075
1659398400,2022-08-02,22659.06,23464.97,23273.85,22989.4,15013.77828925
1659484800,2022-08-03,22694.56,23650.96,22994.78,22825,23966.78092491
1659571200,2022-08-04,22392.88,23234.29,22824.88,22623.94,21755.96366822
1659657600,2022-08-05,22589.83,23478.58,22624.44,23320.81,26745.91293062
1659744000,2022-08-06,22917.49,23357.19,23320.71,22960.93,9285.19244923
1659830400,2022-08-07,22852.13,23405.02,22960.86,23177.39,8297.19227173
1659916800,2022-08-08,23158.32,24251.08,23180.26,23815.65,24093.33217697
1660003200,2022-08-09,22871.66,23929.35,23815.68,23158.27,22349.07822206
1660089600,2022-08-10,22666.23,24224.67,23158.32,23962.18,25974.49772434
1660176000,2022-08-11,23862.66,24929.99,23959.3,23944.86,29681.35922757
1660262400,2022-08-12,23600.01,24463.01,23944.85,24415.18,17244.15100332
1660348800,2022-08-13,24302.36,24898.91,24415.08,24456.49,13678.30446343
1660435200,2022-08-14,24151.63,25054.1,24456.17,24316.71,23306.17100393
1660521600,2022-08-15,23777,25214.57,24316.58,24097.82,27821.25610894
1660608000,2022-08-16,23668,24253.98,24099.7,23857.93,19601.90580439
1660694400,2022-08-17,23180.14,24448.49,23857.89,23341.17,22747.43895287
1660780800,2022-08-18,23107.27,23600,23344.42,23189.46,13825.6308966
1660867200,2022-08-19,20782.39,23206.76,23188.94,20834.94,45962.7257428
1660953600,2022-08-20,20760.93,21372.93,20834.94,21139.23,21809.4048831
1661040000,2022-08-21,21067.33,21795.08,21139.22,21518.62,16024.82128336
1661126400,2022-08-22,20889.69,21540,21514.45,21398.25,26215.93682469
1661212800,2022-08-23,20889.69,21679.52,21396.37,21528.34,22744.05096265
1661299200,2022-08-24,21147.41,21925,21526.74,21367.12,22538.91385671
1661385600,2022-08-25,21307.32,21818.32,21367.12,21561.86,17065.2835044
1661472000,2022-08-26,20112.78,21878.05,21561.49,20240.72,37169.02639568
1661558400,2022-08-27,19800,20389.14,20240.63,20036.69,22160.97938125
1661644800,2022-08-28,19513.74,20164.26,20035.3,19554.03,17117.31912737
1661731200,2022-08-29,19545.57,20427.19,19552.31,20286.97,33436.35652183
1661817600,2022-08-30,19540.14,20582.64,20286.95,19813.17,46462.27938622
1661904000,2022-08-31,19799.97,20489,19813.97,20048.26,36587.60323535
1661990400,2022-09-01,19561.01,20205.53,20048.27,20133.65,23858.64862602
1662076800,2022-09-02,19755,20444,20132.67,19953.74,19929.54590305
1662163200,2022-09-03,19655,20053.9,19953.4,19835.47,9538.49811675
1662249600,2022-09-04,19588.27,20026.2,19833.59,20004.73,10670.60766559
1662336000,2022-09-05,19633.11,20060,20003.85,19794.58,13935.11385555
1662422400,2022-09-06,18663.25,20179.86,19794.59,18790.91,34029.11126955
1662508800,2022-09-07,18527,19466.09,18790.77,19293.52,25583.39915964
1662595200,2022-09-08,19014.43,19460.7,19293.03,19321.87,20327.61614165
1662681600,2022-09-09,19294.49,21616.21,19322.56,21364.5,39579.81208118
1662768000,2022-09-10,21127.1,21815.15,21366.61,21651.52,17750.76003376
1662854400,2022-09-11,21356.37,21865.66,21656.03,21831.72,14386.63340528
1662940800,2022-09-12,21555,22490.05,21830.16,22402.71,28404.49469955
1663027200,2022-09-13,19855,22800,22402.58,20174.78,37351.56014939
1663113600,2022-09-14,19625,20545,20174.78,20227.77,25139.52734416
1663200000,2022-09-15,19500,20336.42,20227.7,19703.67,21124.30384367
1663286400,2022-09-16,19305,19890.95,19703.65,19801.04,24863.81492556
1663372800,2022-09-17,19748.89,20183.14,19800.26,20113.37,11557.14724341
1663459200,2022-09-18,19335.57,20119.08,20113.37,19417.64,16437.90668757
1663545600,2022-09-19,18255,19689.62,19417.56,19540.38,30961.4463315
1663632000,2022-09-20,18722,19638.46,19538.31,18876.91,27437.23361358
1663718400,2022-09-21,18153.13,19949.97,18876.14,18462.64,44344.46282424
1663804800,2022-09-22,18358.63,19521.8,18462.66,19401.25,41006.95212665
1663891200,2022-09-23,18529,19500,19399.93,19286.01,30781.38249694
1663977600,2022-09-24,18808.13,19311.4,19286.03,18923.2,17644.76169841
1664064000,2022-09-25,18619.88,19184.3,18920.93,18808.61,14499.16320537
1664150400,2022-09-26,18681.02,19320.86,18806.3,19228,33108.05445715
1664236800,2022-09-27,18821.55,20383.15,19226.94,19077.57,51860.03004114
1664323200,2022-09-28,18487,19773.67,19077.56,19412.07,43710.30467197
1664409600,2022-09-29,18845.3,19646.66,19412.37,19595.57,34783.53737085
1664496000,2022-09-30,19154.38,20182.72,19595.59,19426.11,34243.66392923
1664582400,2022-10-01,19160,19486.43,19423.57,19315.27,7337.45595566
1664668800,2022-10-02,18923.81,19398.94,19315.26,19059.17,12951.42404465
1664755200,2022-10-03,18958.29,19717.67,19059.1,19633.46,28571.64018677
1664841600,2022-10-04,19495.32,20479.43,19632.43,20345.19,32685.41637125
1664928000,2022-10-05,19750,20371.15,20345.27,20161.62,33542.20736149
1665014400,2022-10-06,19855.19,20455.79,20162.15,19965.64,44044.43606305
1665100800,2022-10-07,19325,20065.26,19963.75,19533.05,34938.97272677
1665187200,2022-10-08,19250,19628.78,19531.68,19419.39,9745.2545363
1665273600,2022-10-09,19321,19563.28,19421.49,19443.47,12537.63788265
1665360000,2022-10-10,19028.08,19528.04,19442.7,19132.83,26596.56843638
1665446400,2022-10-11,18855.19,19265.69,19130.8,19058.11,36248.01909763
1665532800,2022-10-12,18971.51,19235.26,19058.42,19155.92,24862.65344825
1665619200,2022-10-13,18131,19509.23,19153.97,19378.65,49160.49651762
1665705600,2022-10-14,19076.83,19954.14,19375.55,19178,46208.33260444
1665792000,2022-10-15,18983,19229.12,19179.15,19070.24,9062.82835275
1665878400,2022-10-16,19065.23,19425.49,19070.62,19264.44,8310.92834083
1665964800,2022-10-17,19154.72,19679.46,19261.62,19550.4,24137.12482696
1666051200,2022-10-18,19091.77,19702.73,19550.39,19328.76,27645.59742478
1666137600,2022-10-19,19062.1,19361,19328.75,19124.18,22284.13292808
1666224000,2022-10-20,18905,19349.04,19123.77,19042.48,28405.7559743
1666310400,2022-10-21,18659,19254.52,19043.66,19166.45,24206.36088454
1666396800,2022-10-22,19110.46,19257.66,19164.92,19209.1,7044.99034028
1666483200,2022-10-23,19070.92,19698.1,19209.09,19572.44,12086.31175412
1666569600,2022-10-24,19159.35,19603.57,19572.2,19330.41,29432.58356293
1666656000,2022-10-25,19240.76,20420.88,19332.11,20086.28,42452.33701168
1666742400,2022-10-26,20055.85,21022.81,20086.27,20775.4,43618.9919315
1666828800,2022-10-27,20196.01,20878.17,20773.59,20296.97,34123.58255469
1666915200,2022-10-28,20000,20755.09,20295.77,20597.91,29581.75150226
1667001600,2022-10-29,20561.2,21080,20597.34,20823.53,19822.75126022
1667088000,2022-10-30,20523.92,20939.35,20822.38,20630.68,13737.38848362
1667174400,2022-10-31,20237,20837.68,20629.21,20489.94,22222.73611567
1667260800,2022-11-01,20326.55,20691,20489.55,20479.63,21147.00854592
1667347200,2022-11-02,20059.53,20805,20480.34,20151.4,43913.21904186
1667433600,2022-11-03,20032.02,20390.82,20151.29,20206.88,26837.37211156
1667520000,2022-11-04,20181.61,21298.76,20208.02,21144.2,42027.16281295
1667606400,2022-11-05,21082.54,21478.8,21149.03,21300.45,14076.70487828
1667692800,2022-11-06,20886.26,21365.89,21300.45,20909.17,10958.4932636
1667779200,2022-11-07,20394.34,21069.46,20908.15,20593.49,25279.82916936
1667865600,2022-11-08,17500,20675,20593.34,18550.25,84056.63082724
1667952000,2022-11-09,15512,18590.34,18546.07,15891.96,119633.96194081
1668038400,2022-11-10,15720,18140.62,15894.77,17553.89,91496.98548059
1668124800,2022-11-11,16336.05,17641.32,17555.44,17013.62,64776.6547934
1668211200,2022-11-12,16595.25,17067.7,17014.78,16783.33,23830.0578576
1668297600,2022-11-13,16214.95,16926.57,16783.32,16301.39,23266.69734743
1668384000,2022-11-14,15790.25,17169.68,16298.75,16590.73,55601.93469977
1668470400,2022-11-15,16502.85,17107.88,16588.41,16877.93,48155.32053543
1668556800,2022-11-16,16358.66,16994.31,16879.37,16645.24,37249.70414522
1668643200,2022-11-17,16396,16736.7,16646.58,16680.47,22484.77507436
1668729600,2022-11-18,16526.28,16984.08,16680.47,16680.59,26970.34405749
1668816000,2022-11-19,16534.83,16802,16678.85,16683.02,9396.04770097
1668902400,2022-11-20,16154.65,16733.19,16680.7,16252.53,16685.1909604
1668988800,2022-11-21,15460,16279.99,16252.43,15760.14,43799.91803333
1669075200,2022-11-22,15596.22,16294.5,15758.96,16199.71,44555.90690195
1669161600,2022-11-23,16142.99,16700,16201.15,16587,37143.06609396
1669248000,2022-11-24,16450.62,16797.28,16585.83,16587.61,21819.50497344
1669334400,2022-11-25,16333,16610.08,16587.6,16510.9,20800.91157317
1669420800,2022-11-26,16376.1,16693.18,16510.9,16450.93,12308.57070713
1669507200,2022-11-27,16395,16589.43,16450.32,16419.88,10825.69525321
1669593600,2022-11-28,15992.64,16478.32,16421.63,16206.3,30336.24756667
1669680000,2022-11-29,16092.53,16541.72,16206.23,16438,21901.9847881
1669766400,2022-11-30,16423.37,17259.37,16437.94,17167.33,42517.61172285
1669852800,2022-12-01,16855,17317.8,17165.44,16980.08,31798.99151828
1669939200,2022-12-02,16791.02,17108.25,16980.07,17094.71,23096.43686725
1670025600,2022-12-03,16863.58,17158.42,17094.25,16888.53,14081.4506716
1670112000,2022-12-04,16882.86,17199.99,16889.17,17108.9,16961.10828839
1670198400,2022-12-05,16865.22,17424.59,17108.9,16966.05,33618.45109026
1670284800,2022-12-06,16904.04,17111.35,16966.05,17089.05,26693.6101171
1670371200,2022-12-07,16679.52,17140.22,17089.18,16840,22635.46848793
1670457600,2022-12-08,16738,17300.59,16839.76,17226.01,23533.23453743
1670544000,2022-12-09,17060.69,17352.62,17226.03,17130.59,20976.63699864
1670630400,2022-12-10,17093.42,17227.64,17130.49,17128.1,7860.58687575
1670716800,2022-12-11,17073.19,17271.92,17128.1,17085.21,9948.85267032
1670803200,2022-12-12,16875.83,17244.63,17085.62,17211.66,20659.65709227
1670889600,2022-12-13,17089.17,17999.99,17212.9,17773.18,38316.03172467
1670976000,2022-12-14,17660.93,18385.36,17772.98,17804.97,49295.42072146
1671062400,2022-12-15,17275.02,17856.26,17805.36,17357.96,37834.73808374
1671148800,2022-12-16,16529.53,17525,17359.1,16632.64,47159.86300655
1671235200,2022-12-17,16585.64,16799.99,16634.29,16782.25,18446.6836015
1671321600,2022-12-18,16663.76,16875,16782.23,16741.16,11073.43886205
1671408000,2022-12-19,16273.4,16822.84,16742.33,16439.74,26856.08598724
1671494400,2022-12-20,16398.22,17060.86,16439.98,16897.65,34330.28235168
1671580800,2022-12-21,16725.78,16926.05,16896.17,16826.56,16743.62189364
1671667200,2022-12-22,16560.84,16868.82,16825.18,16815.51,21269.7673979
1671753600,2022-12-23,16719.57,16943.29,16815.28,16777.21,21958.88697726
1671840000,2022-12-24,16775.88,16863.62,16777.88,16837.12,9502.80320659
1671926400,2022-12-25,16720.89,16853.88,16837.24,16829.02,7065.21656572
1672012800,2022-12-26,16787.97,16939.81,16829.19,16917.96,8493.27661167
1672099200,2022-12-27,16585.97,16967,16916.66,16698.73,17482.09318834
1672185600,2022-12-28,16460,16777.35,16698.31,16539.66,23345.55126307
1672272000,2022-12-29,16479.5,16654.81,16539.66,16627.54,20088.46487471
1672358400,2022-12-30,16326.16,16649.99,16627.36,16600.1,26532.28003447
1672444800,2022-12-31,16462.49,16634.42,16599.98,16530.35,15414.5294044
1672531200,2023-01-01,16490,16621,16531.83,16611.58,10668.73697739
1672617600,2023-01-02,16542.52,16789.99,16611.9,16666.95,13560.46017964
1672704000,2023-01-03,16600,16772.3,16666.86,16669.47,17612.35527749
1672790400,2023-01-04,16645.87,16988,16668.95,16844.42,25922.70680625
1672876800,2023-01-05,16750.07,16872.13,16844.4,16825.69,14918.22913349
1672963200,2023-01-06,16670.82,17027.11,16825.53,16948.06,24235.38704157
1673049600,2023-01-07,16903.58,16977.76,16948,16942.37,5680.11799379
1673136000,2023-01-08,16910.41,17167.52,16942.37,17125.18,9195.45985397
1673222400,2023-01-09,17102.97,17396.25,17125.17,17177.98,33252.15435855
1673308800,2023-01-10,17145.1,17494.37,17177.94,17443.5,24901.57485784
1673395200,2023-01-11,17315.08,17998,17443.5,17944.27,27251.01602186
1673481600,2023-01-12,17904.83,19115.85,17944.15,18847.75,61938.44269045
1673568000,2023-01-13,18714.8,20000,18847.77,19934.88,55049.6223488
1673654400,2023-01-14,19893.25,21321.98,19934.07,20957.02,58239.87328811
1673740800,2023-01-15,20560.16,21057.3,20956.2,20879.7,25709.30241812
1673827200,2023-01-16,20611.45,21465.62,20879.67,21187.5,41151.35428763
1673913600,2023-01-17,20844.73,21595,21191.46,21136.33,32656.47978348
1674000000,2023-01-18,20370.01,21650.21,21135.01,20674.29,34600.25647175
1674086400,2023-01-19,20656.52,21197,20674.03,21084.22,23436.75404601
1674259200,2023-01-21,22432.45,23375.6,22671.09,22789.37,32657.60500465
1674345600,2023-01-22,22298.15,23082.82,22789.34,22714.87,25548.28914044
1674432000,2023-01-23,22500.01,23180.55,22714.81,22920.29,32380.77464386
1674518400,2023-01-24,22460.17,23165.56,22920.67,22636.17,39180.10567306
1674604800,2023-01-25,22326.24,23824.66,22636.19,23062.36,38496.91631901
1674691200,2023-01-26,22853.61,23287.38,23062.36,23010.47,30187.01702655
1674777600,2023-01-27,22540.76,23511.9,23011.37,23084.4,27185.13487749
1674864000,2023-01-28,22884,23196.99,23084.38,23028.95,7466.33930339
1674950400,2023-01-29,22974.75,23966,23029.56,23745.8,20952.76361397
1675036800,2023-01-30,22500,23802.99,23744.34,22836.03,34312.28644397
1675123200,2023-01-31,22719.68,23313.23,22836.03,23128.86,22721.77475761
1675209600,2023-02-01,22760,23813.57,23127.15,23735.97,20292.22416962
1675296000,2023-02-02,23367.87,24262.18,23735.97,23493.84,16368.92138269
1675382400,2023-02-03,23208.01,23720,23497.29,23433.54,14215.66842983
1675468800,2023-02-04,23257.71,23589.67,23433.47,23328.87,3567.13007478
1675555200,2023-02-05,22758.01,23433.2,23329.47,22936.34,6574.34533251
1675641600,2023-02-06,22637.51,23163.05,22936.34,22764.07,12149.94486314
1675728000,2023-02-07,22748.11,23348.73,22763.42,23244.67,9803.34759825
1675814400,2023-02-08,22669.09,23451.01,23244.64,22964.38,7693.59195866
1675900800,2023-02-09,21700,23011.18,22963.91,21800.63,19277.239648
1675987200,2023-02-10,21467.43,21942.41,21800.62,21628.97,12641.59512641
1676073600,2023-02-11,21605.35,21904,21628.97,21863.73,4695.91143894
1676160000,2023-02-12,21631,22091.88,21863.73,21789.8,5990.68642903
1676246400,2023-02-13,21366.45,21903.03,21789.79,21789.14,13246.3049252
1676332800,2023-02-14,21545.67,22331.76,21789,22206.27,14879.72784164
1676419200,2023-02-15,22054.17,24386.5,22206.26,24329.04,23427.35072192
1676505600,2023-02-16,23510.73,25256.83,24326.95,23516.15,30034.93494269
1676592000,2023-02-17,23344.12,25025,23516.95,24577.6,22795.35234631
1676678400,2023-02-18,24407.67,24879.33,24577.6,24636.23,6191.17379627
1676764800,2023-02-19,24192.7,25200,24635.85,24281.31,9733.21021005
1676851200,2023-02-20,23841.08,25128.11,24278.81,24844.97,13977.17943437
1676937600,2023-02-21,24153.96,25288.88,24844.21,24454.43,16495.25564236
1677024000,2023-02-22,23581.64,24480,24454.08,24184.44,17390.31077874
1677110400,2023-02-23,23612.59,24600.95,24184.9,23943.32,16847.70433307
1677196800,2023-02-24,22520,24132.67,23943.32,23186.88,20933.97488913
1677283200,2023-02-25,22716.47,23220.56,23186.88,23159.71,5937.43847794
1677369600,2023-02-26,23052.78,23689.77,23159.71,23556.83,6063.45918348
1677456000,2023-02-27,23109.06,23895.51,23556.83,23489.52,12098.67253518
1677542400,2023-02-28,23027.24,23597.98,23490.01,23145.32,9516.02766667
1677628800,2023-03-01,23025.17,23999.99,23144.37,23631.52,12151.84539817
1677715200,2023-03-02,23196.09,23798.62,23632.12,23468.24,9239.93644458
1677801600,2023-03-03,21988.02,23477.28,23468.79,22358.18,21715.09355721
1677888000,2023-03-04,22150.71,22409.82,22358.18,22350.95,2266.21497947
1677974400,2023-03-05,22195.13,22654.64,22349.74,22432.69,5291.96467583
1678060800,2023-03-06,22264.73,22599.99,22431.99,22410.31,10660.04864303
1678147200,2023-03-07,21932.74,22557.03,22410.13,22198.48,10381.24422759
1678233600,2023-03-08,21580.84,22281.55,22198.09,21698.37,13343.72575834
1678320000,2023-03-09,20050,21825.53,21699.41,20367.01,21326.08097071
1678406400,2023-03-10,19568.52,20369.78,20366.97,20230.08,32126.59207482
1678492800,2023-03-11,19900.5,20964.5,20230.07,20620.54,18920.85100043
1678579200,2023-03-12,20446.24,22276.69,20619.34,22219.08,19165.53317335
1678665600,2023-03-13,21882.63,24710,22216.02,24220,38654.82408388
1678752000,2023-03-14,24052,26553.9,24220,24762.65,44100.36444555
1678838400,2023-03-15,23931.01,25300,24761.61,24377.16,30128.4276161
1678924800,2023-03-16,24207.54,25235.28,24377.16,25051.85,20754.42573365
1679011200,2023-03-17,24946.86,27834.54,25052.11,27453.62,40752.19373629
1679097600,2023-03-18,26652.45,27780,27453.75,26980.35,18096.24372219
1679184000,2023-03-19,26904,28478,26980.35,28054.46,16897.41761964
1679270400,2023-03-20,27218.36,28578.63,28058.15,27823.32,23782.6567676
1679356800,2023-03-21,27414.77,28605.32,27822.85,28207.33,16193.18924882
1679443200,2023-03-22,26678.16,28937.73,28201.22,27325.15,33974.43697526
1679529600,2023-03-23,27189.19,28839.68,27324.05,28352.94,26698.29660165
1679616000,2023-03-24,27027.88,28433.34,28352.95,27489.24,22190.91292623
1679702400,2023-03-25,27184.78,27818.67,27489.24,27488.18,9655.9494554
1679788800,2023-03-26,27445.04,28230.32,27489.56,27992.9,9800.64299441
1679875200,2023-03-27,26525,28053.26,27995.27,27142.87,17268.16335715
1679961600,2023-03-28,26640,27519.99,27142.85,27274.15,14103.92919115
1680048000,2023-03-29,27255.42,28654.06,27274.18,28359.54,17710.8595857
1680134400,2023-03-30,27693.7,29190.04,28359.54,28035.48,20972.43924037
1680220800,2023-03-31,27512.97,28650.2,28034.88,28474.4,18917.3621471
1680307200,2023-04-01,28223.76,28826.45,28475.41,28471.46,6988.04239657
1680393600,2023-04-02,27862.69,28544.21,28471.03,28188.34,6707.97702984
1680480000,2023-04-03,27227.61,28525,28188.34,27811.77,16192.03702141
1680566400,2023-04-04,27670.24,28450,27809.55,28179.64,13261.95025317
1680652800,2023-04-05,27817.32,28799.99,28178.66,28175.37,15066.72449529
1680739200,2023-04-06,27716.77,28199.11,28175.27,28053.46,10291.80646097
1680825600,2023-04-07,27790.21,28120.71,28052.74,27931.94,5847.77200458
1680912000,2023-04-08,27881.01,28175.89,27930.12,27958.81,3854.33490363
1680998400,2023-04-09,27814,28547.67,27958.19,28340.99,6136.4286229
1681084800,2023-04-10,28162.49,29794.47,28342.28,29660.41,15752.30418782
1681171200,2023-04-11,29612.3,30584.58,29657.7,30227.19,18637.22157812
1681257600,2023-04-12,29675,30517,30227.18,29912.2,14961.08403219
1681344000,2023-04-13,29878.08,30627.05,29912.2,30406.78,12505.27274115
1681430400,2023-04-14,30000,31050,30410.03,30492.92,19793.55777592
1681516800,2023-04-15,30231.76,30622.38,30492.91,30324.11,5486.7222394
1681603200,2023-04-16,30148.28,30572.1,30325.07,30326.09,6230.24911461
1681689600,2023-04-17,29251.71,30340.21,30321.41,29449.91,13418.0380446
1681776000,2023-04-18,29103.89,30500,29449.91,30393.4,12649.52217446
1681862400,2023-04-19,28595.28,30430.72,30394.5,28809.72,20951.87851572
1681948800,2023-04-20,27991.32,29102.69,28809.71,28248.18,17007.31210311
1682035200,2023-04-21,27133,28371.88,28248.18,27253.85,19665.99126045
1682121600,2023-04-22,27133,27887.78,27252.96,27821.41,7556.85769964
1682208000,2023-04-23,27333.2,27820.99,27820.99,27592.98,6255.76778325
1682294400,2023-04-24,26965.14,28000,27592.7,27515.05,12258.59093046
1682380800,2023-04-25,27194.51,28400,27513.85,28304.42,12013.57991051
1682467200,2023-04-26,27230.77,30050.66,28304.42,28426.08,31636.39150463
1682553600,2023-04-27,28387.07,29900,28428.86,29483.72,24310.36359778
1682640000,2023-04-28,28900,29606.45,29486.97,29338.63,14184.03938836
1682726400,2023-04-29,29057.3,29470,29339.47,29249.35,4909.72717806
1682812800,2023-04-30,29095.92,29969.99,29249.24,29247.14,6837.06831371
1682899200,2023-05-01,27664.31,29348.6,29240.49,28077.27,17953.11670042
1682985600,2023-05-02,27871.44,28899.99,28077.44,28684.4,13258.60505694
1683072000,2023-05-03,28122,29276.12,28683.41,29038.75,15605.28754268
1683158400,2023-05-04,28674.58,29383.5,29039.36,28857.23,10407.16067489
1683244800,2023-05-05,28810,29706.57,28857.88,29536.76,14691.1261171
1683331200,2023-05-06,28394,29850,29538.87,28902.66,8546.79874854
1683417600,2023-05-07,28429.12,29189.71,28901.3,28474.53,5884.67007423
1683504000,2023-05-08,27279.66,28676.38,28472.68,27695.06,15859.41839592
1683590400,2023-05-09,27367.01,27833.64,27693.24,27647.29,8888.42683618
1683676800,2023-05-10,26800,28334.75,27647.29,27624.01,18590.96989908
1683763200,2023-05-11,26702,27649.85,27621.5,26986.56,13438.74631738
1683849600,2023-05-12,25810,27099.21,26986.79,26808.84,18458.49543497
1683936000,2023-05-13,26700,27060.24,26808.8,26789.48,4782.64422745
1684022400,2023-05-14,26581.52,27221.51,26786.99,26929.98,4393.20531359
1684108800,2023-05-15,26740.95,27678.73,26929.98,27171.13,11889.94842508
1684195200,2023-05-16,26860.12,27302.99,27165.26,27037.68,11209.90767959
1684281600,2023-05-17,26543.87,27516.58,27037.72,27407.77,13308.63176925
1684368000,2023-05-18,26361.52,27487.71,27407.76,26820.49,12604.94858584
1684454400,2023-05-19,26632.73,27190.35,26819.64,26890.27,7587.52629065
1684540800,2023-05-20,26836.21,27178.99,26890.27,27113.61,3127.42757901
1684627200,2023-05-21,26667.63,27288.02,27113.97,26752.65,5534.52475759
1684713600,2023-05-22,26536.99,27105.63,26751,26854.73,8554.42214009
1684800000,2023-05-23,26803.46,27500,26854.09,27223.22,11594.53703302
1684886400,2023-05-24,26070.04,27225,27222.86,26321.4,17340.61730838
1684972800,2023-05-25,25864.35,26625.93,26321.42,26479.06,12094.45706071
1685059200,2023-05-26,26334.33,26950,26479.15,26714.86,9858.60032184
1685145600,2023-05-27,26559.96,26943.6,26711.56,26867.99,3348.37908169
1685232000,2023-05-28,26780.11,28277.56,26870.13,28070.04,9725.64198967
1685318400,2023-05-29,27534.81,28473.93,28070.04,27744.82,11355.24110493
1685404800,2023-05-30,27555,28057.23,27744.81,27700.15,12024.45830459
1685491200,2023-05-31,26842.94,27844.89,27700.68,27223.08,15163.06255735
1685577600,2023-06-01,26615,27360.31,27221.54,26828.42,11927.59445097
1685664000,2023-06-02,26508,27307.44,26827.73,27250.69,12206.16873203
1685750400,2023-06-03,26923.35,27341.13,27252.67,27077.6,3589.32341986
1685836800,2023-06-04,26958.98,27466.83,27078.27,27122.04,4115.09881956
1685923200,2023-06-05,25391.43,27137.75,27122.03,25741.5,16641.46931851
1686009600,2023-06-06,25351.92,27368.67,25741.5,27243.63,18531.05925936
1686096000,2023-06-07,26121.06,27402.79,27243.45,26346.41,16094.37567105
1686182400,2023-06-08,26212.63,26820.3,26347.09,26508.32,8160.84833962
1686268800,2023-06-09,26283.5,26780.4,26505.71,26482.81,10536.83247431
1686355200,2023-06-10,25385.52,26534.95,26482.8,25856.1,16967.73205546
1686441600,2023-06-11,25648,26219.1,25856.1,25937.02,8653.83803604
1686528000,2023-06-12,25616.98,26108.64,25936.98,25905.82,10491.06768405
1686614400,2023-06-13,25710.78,26435.81,25905.99,25930.23,14396.74678337
1686700800,2023-06-14,24821,26090,25929.35,25123.34,14480.51749351
1686787200,2023-06-15,24750,25749.99,25123.41,25569.99,18601.18891862
1686873600,2023-06-16,25143.24,26486.56,25569.99,26329.6,16632.7425402
1686960000,2023-06-17,26165.98,26783.2,26329.6,26506.56,7209.4251028
1687046400,2023-06-18,26245.27,26693.11,26507.97,26336.46,5233.68378154
1687132800,2023-06-19,26250,27040.64,26336.46,26837.78,9643.06748389
1687219200,2023-06-20,26637.41,28417.11,26839.04,28320.43,28704.55295587
1687305600,2023-06-21,28271.67,30800,28320.41,29995.08,31445.78143275
1687392000,2023-06-22,29539.57,30513.25,29999.85,29886.31,18457.66785815
1687478400,2023-06-23,29802.65,31443.67,29886.25,30707.61,22659.54058513
1687564800,2023-06-24,30265.88,30815.92,30709.59,30547.18,6883.28318615
1687651200,2023-06-25,30288.33,31057.86,30547.3,30480.24,6265.47434464
1687737600,2023-06-26,29900,30662.66,30480.24,30272.18,12491.83081677
1687824000,2023-06-27,30228.44,31020.54,30272.24,30697.38,11995.526853
1687910400,2023-06-28,29840,30716.93,30696.06,30074.94,9391.66542094
1687996800,2023-06-29,30036.18,30838,30074.93,30446.47,12261.34048625
1688083200,2023-06-30,29417.14,31277,30445.67,30466.72,26013.22734909
1688169600,2023-07-01,30312.8,30659.33,30466.73,30587.21,4012.76538882
1688256000,2023-07-02,30165.39,30791.75,30587.22,30613.51,4829.83871313
1688342400,2023-07-03,30569,31399.08,30613.57,31161.8,11391.98257522
1688428800,2023-07-04,30628.3,31333,31162.71,30771.25,7233.95188576
1688515200,2023-07-05,30189.56,30882.95,30772.93,30499.27,8782.6192239
1688601600,2023-07-06,29850,31525.1,30499.27,29899.38,17229.92231032
1688688000,2023-07-07,29715.87,30456,29895.6,30352.08,11137.14221055
1688774400,2023-07-08,30047.78,30388.91,30350.35,30291.69,3856.11078847
1688860800,2023-07-09,30066.95,30451.78,30291.69,30168.38,3884.04687903
1688947200,2023-07-10,29955,31055.75,30168.26,30419.89,12703.78162563
1689033600,2023-07-11,30304.45,30811.65,30419.89,30626.55,10653.5761104
1689120000,2023-07-12,30200,31000,30624.65,30381.81,14881.70511963
1689206400,2023-07-13,30250.73,31862.21,30383.26,31471.83,26135.6192364
1689292800,2023-07-14,29920.31,31645.66,31471.83,30330.52,19272.20339271
1689379200,2023-07-15,30254.67,30406.27,30330.93,30301.65,2559.07232743
1689465600,2023-07-16,30075.93,30457.03,30302.01,30247.64,4021.41012275
1689552000,2023-07-17,29668.58,30345.45,30247.56,30143.08,10632.8066781
1689638400,2023-07-18,29525,30249.3,30143.08,29861.93,11124.83936583
1689724800,2023-07-19,29757.44,30196.24,29861.92,29916.72,8804.54675154
1689811200,2023-07-20,29564.19,30421.29,29916.69,29809.13,11494.95348803
1689897600,2023-07-21,29729.48,30060.28,29809.13,29907.98,7598.61053359
1689984000,2023-07-22,29626.86,30002.38,29907.15,29795.03,3629.48251055
1690070400,2023-07-23,29733.55,30350.7,29793.62,30081.61,4513.83214295
1690156800,2023-07-24,28850,30099.99,30081.61,29176.98,14484.27557634
1690243200,2023-07-25,29046,29376.51,29176.98,29225.14,7140.85368901
1690329600,2023-07-26,29089.54,29686.41,29225.11,29353.23,9635.09206614
1690416000,2023-07-27,29075,29571.42,29350.88,29214.92,7327.4507106
1690502400,2023-07-28,29115.32,29532.45,29214.93,29316.15,7105.49434797
1690588800,2023-07-29,29253.44,29411.09,29316.05,29355.71,2893.05298823
1690675200,2023-07-30,29033,29450,29356.65,29281.39,4387.57256615
1690761600,2023-07-31,29102.65,29526.99,29280.41,29230.67,8793.83887155
1690848000,2023-08-01,28477,29726.73,29230.61,29697.27,17751.31113096
1690934400,2023-08-02,28903.79,30033,29699.25,29164.22,17967.34799565
1691020800,2023-08-03,28938.93,29399.97,29163.87,29174.18,8920.01477716
1691107200,2023-08-04,28747.1,29312.28,29174.84,29076.48,7291.14687702
1691193600,2023-08-05,28946.17,29111.87,29077.04,29047.12,2490.84710469
1691280000,2023-08-06,28955,29163.24,29047.33,29040.01,2461.64012073
1691366400,2023-08-07,28660.53,29246,29040.01,29179.21,9200.08523317
1691452800,2023-08-08,29104.65,30222,29179.28,29770.01,15610.25491294
1691539200,2023-08-09,29344.16,30128.88,29770.01,29562.76,10451.45167511
1691625600,2023-08-10,29306,29709.38,29562.76,29424.03,7104.55622213
1691712000,2023-08-11,29213.59,29534.14,29424.04,29400.45,5961.21744691
1691798400,2023-08-12,29349.98,29477.31,29400.45,29416.96,1906.1707986
1691884800,2023-08-13,29247.15,29447.6,29417.19,29275.94,2128.37437697
1691971200,2023-08-14,29072.96,29665.27,29275.78,29405.49,7063.46806345
1692057600,2023-08-15,29046.58,29464.62,29405.49,29170.14,5815.32226178
1692144000,2023-08-16,28690.37,29231.92,29170.13,28700.51,9669.42535941
1692230400,2023-08-17,25234.76,28751.84,28700.51,26627.57,27723.2108711
1692316800,2023-08-18,25610,26834.37,26627.21,26048.89,21190.13041519
1692403200,2023-08-19,25793.11,26269.11,26048.9,26096.42,6554.05344759
1692489600,2023-08-20,25975.01,26296.78,26096.4,26189.14,4345.07228674
1692576000,2023-08-21,25814,26260.25,26189.36,26125.18,9936.98111023
1692662400,2023-08-22,25350,26137.99,26125.16,26042.11,12418.87289323
1692748800,2023-08-23,25796.47,26818.28,26041.94,26427.54,15743.86437208
1692835200,2023-08-24,25850,26567.38,26427.73,26163.49,10002.33992977
1692921600,2023-08-25,25750,26294.53,26163.49,26049.39,10926.33773703
1693008000,2023-08-26,25971.44,26115.44,26049.4,26009.61,1862.15021008
1693094400,2023-08-27,25961.81,26171.87,26009.62,26091.16,2069.84831133
1693180800,2023-08-28,25850,26232.88,26091.16,26101.04,5460.42038393
1693267200,2023-08-29,25903.18,28184.89,26101.03,27717.98,21402.10102797
1693353600,2023-08-30,27015.75,27775,27717.15,27306.06,9793.95679478
1693440000,2023-08-31,25660.61,27576.99,27306.06,25932.45,14462.02738125
1693526400,2023-09-01,25307.37,26142.28,25931.51,25794.88,14995.72610123
1693612800,2023-09-02,25707.3,25982.48,25795.61,25867.83,3810.77429103
1693699200,2023-09-03,25792.29,26123,25867.82,25969.83,3434.5195669
1693785600,2023-09-04,25627,26093.07,25969.83,25816.13,4635.8154655
1693872000,2023-09-05,25551.36,25884.04,25816.14,25783.91,6051.14811848
1693958400,2023-09-06,25358,26025.78,25782.49,25747.63,9374.33792185
1694044800,2023-09-07,25595.8,26440.55,25747.63,26276.3,10885.13902329
1694131200,2023-09-08,25640.1,26460.41,26276.38,25906.34,11149.95850667
1694217600,2023-09-09,25791.45,25942.69,25906.33,25897.82,2225.82211069
1694304000,2023-09-10,25578.01,26023.89,25897.82,25831.76,4361.60285333
1694390400,2023-09-11,24900,25891.6,25831.77,25152.14,13404.11510617
1694476800,2023-09-12,25120.76,26556.91,25152.13,25840.61,19789.48058328
1694563200,2023-09-13,25763.43,26413.59,25839.95,26226.65,10099.7383701
1694649600,2023-09-14,26128.25,26869.06,26227.16,26532.76,12929.08237721
1694736000,2023-09-15,26213.96,26892.65,26532.5,26602.42,9345.93913701
1694822400,2023-09-16,26453.32,26777,26601.71,26569.69,4132.04817572
1694908800,2023-09-17,26405.04,26626.49,26569.69,26530.95,3252.26976131
1694995200,2023-09-18,26382.13,27427.34,26530.96,26764.49,17493.70820354
1695081600,2023-09-19,26666.93,27500,26764.03,27216.13,14386.07884728
1695168000,2023-09-20,26798.98,27393.78,27216.52,27123.94,11590.24027633
1695254400,2023-09-21,26359.7,27163.48,27122.65,26564.54,11801.98943642
1695340800,2023-09-22,26467.94,26742.86,26564.54,26578.4,8563.0523313
1695427200,2023-09-23,26513,26638.58,26578.4,26579.6,2597.25705711
1695513600,2023-09-24,26118.86,26731.1,26579.59,26250.24,4587.80529114
1695600000,2023-09-25,25983.78,26444.95,26248.17,26296.08,10762.98401397
1695686400,2023-09-26,26080,26397.59,26296.07,26208.44,7016.42122845
1695772800,2023-09-27,26088.37,26830,26208.43,26357.62,14123.89690964
1695859200,2023-09-28,26321.37,27313.86,26357.56,27027.14,18975.87763693
1695945600,2023-09-29,26661.71,27238.9,27027.44,26907,12712.27177691
1696032000,2023-09-30,26884.86,27097.25,26905.57,26961,4413.30948101
1696118400,2023-10-01,26955.25,28062.62,26961,27995.46,8747.06888783
1696204800,2023-10-02,27302.3,28613.37,27995.46,27504.04,25148.25341854
1696291200,2023-10-03,27160.47,27672.12,27504.03,27428.96,14334.10857629
1696377600,2023-10-04,27208.65,27842.38,27428.96,27786.75,10238.17053376
1696464000,2023-10-05,27358.05,28140,27786.12,27412.96,14136.04783544
1696550400,2023-10-06,27173.41,28288.88,27413.15,27945.17,12908.75146274
1696636800,2023-10-07,27861.2,28040.84,27945.17,27976.43,3489.91595717
1696723200,2023-10-08,27708.6,28109.94,27976.44,27933.55,4118.56381073
1696809600,2023-10-09,27268.63,28003.7,27933.54,27596.67,10218.62556021
1696896000,2023-10-10,27291.81,27739.94,27596.67,27393.29,10265.79357936
1696982400,2023-10-11,26521.32,27478.61,27393.28,26869.19,16466.26612207
1697068800,2023-10-12,26537.72,26939.55,26867.97,26750.51,7881.21504857
1697155200,2023-10-13,26662.62,27122.24,26752.06,26863.53,8694.60097059
1697241600,2023-10-14,26797,26988.12,26863.54,26851.71,2786.76009652
1697328000,2023-10-15,26806.06,27301.37,26851.71,27186.13,6215.85130529
1697414400,2023-10-16,27135.92,30000,27186.13,28520.24,36471.7502374
1697500800,2023-10-17,28083.19,28637.21,28520.24,28408.83,14171.43180714
1697587200,2023-10-18,28151.6,28999.98,28408.51,28326.51,11820.68114047
1697673600,2023-10-19,28122.57,28938.96,28326.24,28735.34,12662.68000489
1697760000,2023-10-20,28591.85,30248,28734.51,29684.73,20095.91529217
1697846400,2023-10-21,29475.06,30369,29684.73,29924.84,6369.9347533
1697932800,2023-10-22,29670,30275,29925.91,30004.15,5720.28965895
1698019200,2023-10-23,29890.89,35000,30004.14,33087.58,33228.46734771
1698105600,2023-10-24,32851.45,35157.23,33079.72,33922.52,38506.35962554
1698192000,2023-10-25,33690.91,35144,33921.66,34506.35,18668.45817435
1698278400,2023-10-26,33735.86,34843.04,34504.33,34154.71,15867.44697165
1698364800,2023-10-27,33400,34249.99,34153.35,33906.09,13879.04330119
1698451200,2023-10-28,33867.38,34500,33905.96,34085.42,4372.52724873
1698537600,2023-10-29,33937.31,34763,34085.42,34534.48,5547.09585659
1698624000,2023-10-30,34077.9,34871,34534.48,34493.79,10183.77616922
1698710400,2023-10-31,34038.79,34732.18,34493.51,34656.4,9282.02866788
1698796800,2023-11-01,34079.46,35647.19,34656.38,35440.1,16197.45981756
1698883200,2023-11-02,34311.73,35997.8,35440.1,34950,13455.65527035
1698969600,2023-11-03,34100,34954.6,34947.92,34731.27,13961.70014519
1699056000,2023-11-04,34599.85,35278.4,34730.32,35087.01,4696.70148339
1699142400,2023-11-05,34500,35410,35087.43,35035.42,5892.67329337
1699228800,2023-11-06,34753.66,35294.12,35035.79,35059.46,7088.27153194
1699315200,2023-11-07,34530.67,35963,35059.46,35416.28,13841.59195597
1699401600,2023-11-08,35103.14,36113.59,35416.63,35639.13,12253.15808483
1699488000,2023-11-09,35555.16,37999,35639.13,36706.59,29045.85195583
1699574400,2023-11-10,36334.46,37548.8,36704.01,37324.83,15183.168535
1699660800,2023-11-11,36701.5,37424.03,37324.84,37139.12,5344.45382766
1699747200,2023-11-12,36740.9,37247,37139.94,37086.03,3317.50278576
1699833600,2023-11-13,36351,37442.48,37086.5,36475.67,10543.29564712
1699920000,2023-11-14,34758.64,36756.16,36475.68,35554.09,16008.49077729
1700006400,2023-11-15,35358.45,37987,35554.1,37885.35,19941.6757032
1700179200,2023-11-17,35869,36831.99,36161.15,36630.38,12218.85138403
1700265600,2023-11-18,36205.89,36857.15,36631.56,36594.89,3468.39821362
1700352000,2023-11-19,36404.52,37546.62,36596.14,37391.19,4366.44892344
1700438400,2023-11-20,36720,37784.07,37389.06,37475.64,14114.01039926
1700524800,2023-11-21,35744.9,37675.77,37472.76,35751.89,20837.73934338
1700611200,2023-11-22,35633,37875,35755.33,37424.31,17606.97239528
1700697600,2023-11-23,36888,37653.67,37424.31,37304.05,7211.31754936
1700784000,2023-11-24,37257.56,38454,37304.04,37745.84,17507.8900414
1700870400,2023-11-25,37615.91,37920.27,37746.29,37805.99,3567.42244915
1700956800,2023-11-26,37156.72,37842.17,37806.84,37462.79,6113.0562518
1701043200,2023-11-27,36715.1,37578.42,37462.01,37241.63,13510.45476059
1701129600,2023-11-28,36873.55,38425.96,37241.64,37838.26,18156.47258233
1701216000,2023-11-29,37581.93,38480,37838.26,37863.84,15162.68883049
1701302400,2023-11-30,37500,38152.18,37864.79,37732.27,8081.19248391
1701388800,2023-12-01,37618.25,39000,37732.27,38703.54,16395.90197806
1701475200,2023-12-02,38660.03,39740,38706.55,39478.95,7540.7688183
1701561600,2023-12-03,39293.02,40221.22,39467.42,39984.81,7153.15663784
1701648000,2023-12-04,39983.6,42410.46,39984.81,41987.24,21993.05995554
1701734400,2023-12-05,41384.03,45000,41985.53,44084.39,24018.76035474
1701820800,2023-12-06,43369,44290.37,44086.33,43764.05,15977.55938336
1701907200,2023-12-07,42846.53,44057.23,43766.41,43280.95,13055.36691088
1701993600,2023-12-08,43087.17,44754.99,43281.11,44192.87,13579.40860176
1702080000,2023-12-09,43586.14,44384.68,44192.86,43723.25,5469.40708431
1702166400,2023-12-10,43562.06,44049.51,43722.84,43793.68,3919.09423649
1702252800,2023-12-11,40150,43811.81,43793.67,41229.61,25524.67094691
1702339200,2023-12-12,40636.51,42088.56,41229.61,41477.39,13414.86773655
1702425600,2023-12-13,40553.15,43475,41477.6,42885.54,15798.66423037
1702512000,2023-12-14,41426.76,43442.15,42887.39,43027.77,15434.25971384
1702598400,2023-12-15,41640.51,43095.71,43027.77,41933.89,10861.72864667
1702684800,2023-12-16,41626.66,42680.2,41934.84,42237.29,5315.65582307
1702771200,2023-12-17,41222,42367.82,42235.23,41349.59,6649.06495765
1702857600,2023-12-18,40508.01,42754.79,41349.59,42650.01,13394.33474824
1702944000,2023-12-19,41780,43461.86,42650.01,42266.22,13403.93447528
1703030400,2023-12-20,42184.48,44324.86,42266.25,43674.77,19307.1089644
1703116800,2023-12-21,43295.78,44250,43673.11,43875.32,13170.9728222
1703203200,2023-12-22,43412.82,44424.36,43875.56,44013.73,10733.55348079
1703289600,2023-12-23,43333.35,44033.84,44013.65,43726.35,4075.08953972
1703376000,2023-12-24,42614.17,43985.67,43728.36,43025.03,4947.00165569
1703462400,2023-12-25,42755.35,43818.29,43025.02,43589.67,4799.73104807
1703548800,2023-12-26,41600.67,43605,43589.67,42515.53,13035.02745535
1703635200,2023-12-27,42111.47,43709.98,42521.21,43474.4,12917.48404475
1703721600,2023-12-28,42265.08,43830.34,43469.06,42581.23,13583.91599843
1703808000,2023-12-29,41300,43137.1,42581.23,42063.45,16756.43323881
1703894400,2023-12-30,41518.19,42593.73,42064.22,42141.03,11609.82377015
1703980800,2023-12-31,41964.68,42850,42139.32,42288.06,11397.57303743
1704067200,2024-01-01,42175.65,44240.8,42288.58,44220.78,7977.72851143
1704153600,2024-01-02,44195.13,45925.82,44220.78,44972.8,29583.38407747
1704240000,2024-01-03,40625.68,45519.32,44972.81,42862.44,32281.85234351
1704326400,2024-01-04,42650,44800,42860.58,44193.29,18193.81684353
1704412800,2024-01-05,42450,44443.37,44198.35,44186.59,18073.09561495
1704499200,2024-01-06,43436.5,44260.95,44187.76,43992.44,5691.43460343
1704585600,2024-01-07,43629.7,44510.01,43992.79,43950.28,5931.34650683
1704672000,2024-01-08,43200.44,47330,43954.52,46995.1,26447.17326625
1704758400,2024-01-09,44701.54,47901,46995.09,46124.08,26305.56366042
1704844800,2024-01-10,44320.01,47732.5,46120.79,46666.11,36534.39765866
1704931200,2024-01-11,45555.55,49102.29,46678.54,46342.66,38150.89478822
1705017600,2024-01-12,41444.97,46522.2,46344.96,42773.03,46862.43347199
1705104000,2024-01-13,42427,43250,42775.1,42839.33,10998.76404264
1705190400,2024-01-14,41680.73,43064.13,42839.32,41697.33,7834.26155365
1705276800,2024-01-15,41680,43331.91,41698.13,42490.16,10869.45830576
1705363200,2024-01-16,42028.02,43569.23,42481.69,43130.45,18180.4405406
1705449600,2024-01-17,42160,43185.47,43130.35,42739.49,16381.8407159
1705536000,2024-01-18,40600.05,42877.22,42737.68,41293.5,25097.42399202
1705622400,2024-01-19,40236.49,42159.52,41290.57,41624.07,22745.55271173
1705708800,2024-01-20,41418.55,41846.15,41623.94,41666.67,4836.63124969
1705795200,2024-01-21,41472.49,41858.59,41666.67,41554.05,3138.26294449
1705881600,2024-01-22,39372.44,41658,41553.92,39524.27,26539.34338688
1705968000,2024-01-23,38501,40144.49,39524.27,39878.3,21966.56334645
1706054400,2024-01-24,39382.15,40527.26,39878.28,40077.78,17438.97734668
1706140800,2024-01-25,39503,40282.87,40079.87,39941.66,12978.7331205
1706227200,2024-01-26,39805.95,42243.14,39941.66,41814.8,19359.37921096
1706313600,2024-01-27,41383.94,42199.99,41814.96,42126.55,3774.45056434
1706400000,2024-01-28,41617.53,42839.07,42126.55,42034.59,4298.44263812
1706486400,2024-01-29,41787.35,43326.77,42034.57,43306.18,12529.09255982
1706572800,2024-01-30,42680.2,43872.99,43303.3,42942.78,16384.61219735
1706659200,2024-01-31,42265.77,43741.94,42937.72,42548.08,15320.62044085
1706745600,2024-02-01,41846.04,43276.19,42545.47,43078.81,11526.63383073
1706832000,2024-02-02,42527.58,43700,43080.38,43181.66,12202.24125895
1706918400,2024-02-03,42863.58,43358.13,43183.62,43010.67,2254.45335539
1707004800,2024-02-04,42228.01,43100,43007.82,42568.55,2643.251649
1707091200,2024-02-05,42235,43520,42571.91,42657.67,8756.87806894
1707177600,2024-02-06,42516.07,43372.79,42658.3,43095.79,7940.36830921
1707264000,2024-02-07,42760.44,44430,43097.16,44343.61,12440.36853251
1707350400,2024-02-08,44335,45637.38,44345.94,45305.2,19283.80580787
1707436800,2024-02-09,45252.93,48230.02,45304.83,47160.41,22108.85067543
1707523200,2024-02-10,46889.53,48179.43,47157.01,47767.06,5663.309891
1707609600,2024-02-11,47590.3,48614,47767.06,48316.3,5243.1260706
1707696000,2024-02-12,47715.67,50363.42,48321.14,49941.81,18545.08725852
1707782400,2024-02-13,48327.81,50423.42,49941.95,49725.36,20471.56790372
1707868800,2024-02-14,49253.92,52111,49724.55,51858.59,20249.94369733
1707955200,2024-02-15,51353.49,52890,51858.51,51934.29,18465.04404385
1708041600,2024-02-16,51597.87,52608.2,51935.23,52162.64,13816.27351282
1708128000,2024-02-17,50642.36,52214.05,52162.65,51666.22,5387.3486576
1708214400,2024-02-18,51174.38,52400,51666.23,52153.63,3997.17143898
1708300800,2024-02-19,51687.98,52501.01,52153.63,51787.05,6009.01451962
1708387200,2024-02-20,50764.01,53000,51787.05,52277.52,15888.87599974
1708473600,2024-02-21,50628.6,52394.91,52277.53,51851.67,13735.03407249
1708560000,2024-02-22,50905.65,52076,51851.46,51258.7,13104.51408087
1708646400,2024-02-23,50513.01,51512.68,51260.29,50747.05,11679.16625824
1708732800,2024-02-24,50576.55,51696.19,50746.98,51570.65,3448.96576791
1708819200,2024-02-25,51275.01,51967.82,51568.63,51731,3617.40106809
1708905600,2024-02-26,50901.23,54980,51730.96,54533.48,22422.38763854
1708992000,2024-02-27,54490.8,57646.81,54530.32,57077.07,28791.48651731
1709078400,2024-02-28,56723.48,64100,57077.08,62518.9,48265.6721171
1709164800,2024-02-29,60355.61,63675.48,62520.06,61179.03,36825.89535085
1709251200,2024-03-01,60788.33,63267.18,61179.03,62436.72,24696.65692545
1709337600,2024-03-02,61623.39,62500,62439.74,62045.78,6882.38410251
1709424000,2024-03-03,61388,63260,62045.78,63154.49,7314.17629968
1709510400,2024-03-04,62300,68602.98,63155.74,68360.14,40600.36656889
1709596800,2024-03-05,59224.68,69324.58,68356.7,63800.78,65575.09537327
1709683200,2024-03-06,62832.39,67654.06,63802.15,66122.28,34655.98799427
1709769600,2024-03-07,65599.63,68098.09,66115.48,66938.21,22228.36739914
1709856000,2024-03-08,66157.09,70199,66938.21,68289.16,33749.52797544
1709942400,2024-03-09,68047.62,68700.41,68289.16,68480,9005.50992187
1710028800,2024-03-10,68221.13,70000,68480.01,69032.12,12163.05713369
1710115200,2024-03-11,67112.21,72943.98,69032.8,72110.98,32332.72583229
1710201600,2024-03-12,68603,73027.63,72110.98,71475.93,29420.19277654
1710288000,2024-03-13,71337.3,73709.99,71473.43,73135.04,21455.92195688
1710374400,2024-03-14,68454.47,73835.57,73135.04,71364.58,34226.602618
1710460800,2024-03-15,65565.7,72414.96,71364.58,69506.88,40195.84231178
1710547200,2024-03-16,64774.05,70050,69514.87,65254.22,16532.825303
1710633600,2024-03-17,64505,68877.82,65254.22,68343.64,12631.85084112
1710720000,2024-03-18,66562.65,68933.71,68354.29,67613.04,20057.37580028
1710806400,2024-03-19,61506,68136.39,67609.39,61906.27,40111.97553957
1710892800,2024-03-20,60771.14,68150,61902.57,67858.8,38590.78345488
1710979200,2024-03-21,64525,68234.56,67855.88,65484.7,18523.96247162
1711065600,2024-03-22,62258.36,66651.1,65478.98,63814.56,17807.65930238
1711152000,2024-03-23,63013.19,66029.09,63814.56,63998.86,7395.08270425
1711238400,2024-03-24,63785.57,67637.6,63998.87,67204.93,6535.8276512
1711324800,2024-03-25,66381.84,71269.92,67212.69,69890.28,22228.13803338
1711411200,2024-03-26,69269.69,71582.96,69895.6,69992.4,15697.73440865
1711497600,2024-03-27,68369.62,71789.85,69994.9,69435.96,18703.73738295
1711584000,2024-03-28,68841.01,71635.99,69437.16,70801.18,15224.17928189
1711670400,2024-03-29,69036.95,70941.7,70804.06,69903.75,7365.03204354
1711756800,2024-03-30,69569.03,70363.25,69903.74,69626.87,3262.62331859
1711843200,2024-03-31,69587.86,71399.91,69623.86,71288.9,4424.66955382
1711929600,2024-04-01,68055.15,71313.8,71291.5,69681.82,13916.60016523
1712016000,2024-04-02,64521.61,69711,69681.85,65464.14,23496.58634089
1712102400,2024-04-03,64500,66944.06,65472,65987.92,14506.55934744
1712188800,2024-04-04,65073.95,69367.19,65984.18,68525.23,18624.08140025
1712275200,2024-04-05,66000,68783.99,68528.69,67856.51,15515.82134206
1712361600,2024-04-06,67469.19,69685,67856.51,68919.89,3985.44167764
1712448000,2024-04-07,68846.23,70312,68919.57,69350.34,5766.41938443
1712534400,2024-04-08,69037.33,72777,69350.36,71622.53,16648.69284289
1712620800,2024-04-09,68200,71761.37,71616.31,69117.01,15143.52341376
1712707200,2024-04-10,67463.07,71159.6,69115.79,70634.04,16655.987797
1712793600,2024-04-11,69530,71305.86,70638.4,70020.73,11001.16448135
1712880000,2024-04-12,65110.31,71265.74,70020.71,67148.61,23509.75554216
1712966400,2024-04-13,60822.01,69100,67148.62,64024.77,27548.47240557
1713052800,2024-04-14,62150,65890.91,64021.36,65777.05,21604.05147827
1713139200,2024-04-15,62315.08,66928.82,65764.56,63452.18,21672.73701332
1713225600,2024-04-16,61645.09,64400,63452.18,63814.94,17710.28213211
1713312000,2024-04-17,59648.33,64524.14,63814.94,61279.36,21812.15297865
1713398400,2024-04-18,60816.07,64210,61275.73,63513.85,15249.84211445
1713484800,2024-04-19,59573.32,65498.99,63514.84,63848.37,22838.07934159
1713571200,2024-04-20,63121.15,65463.08,63841.96,64968.87,5157.40726514
1713657600,2024-04-21,64250,65725.81,64960.82,64952.92,4487.48723219
1713744000,2024-04-22,64520,67272.73,64952.92,66859.17,10977.05178637
1713830400,2024-04-23,65823.66,67225.66,66856.07,66414.16,8840.16749844
1713916800,2024-04-24,63542.56,67077.97,66418,64255.78,15083.5524347
1714003200,2024-04-25,62747.18,65287.69,64255.77,64484.44,13256.29877715
1714089600,2024-04-26,63287.76,64810,64484.44,63742.39,10151.96247701
1714176000,2024-04-27,62389,63900,63742.39,63422,5312.16741262
1714262400,2024-04-28,62743.81,64333.33,63422.34,63108.94,4415.96831554
1714348800,2024-04-29,61741.01,64200,63109.76,63844.85,10712.13554316
1714435200,2024-04-30,59040.3,64727.81,63845.01,60622.1,21106.65540758
1714521600,2024-05-01,56500,60785.49,60621.2,58265.59,26611.9312734
1714608000,2024-05-02,56903.79,59641.03,58267.81,59071.89,13593.00905888
1714694400,2024-05-03,58821.05,63365.72,59070.3,62913.03,15954.29032707
1714780800,2024-05-04,62565.82,64546,62913.03,63902.88,6414.57464352
1714867200,2024-05-05,62908.34,64636.75,63902.88,64023.45,4474.5195919
1714953600,2024-05-06,62704.48,65523.44,64023.45,63162.24,11241.77217344
1715040000,2024-05-07,62252.64,64415.06,63161.35,62315.76,8994.93773002
1715126400,2024-05-08,60851.04,63013.05,62315.75,61169.53,7486.42596849
1715212800,2024-05-09,60601.6,63424.14,61169.53,63073.57,8360.0553824
1715299200,2024-05-10,60150,63470,63073.55,60787.47,11511.12990976
1715385600,2024-05-11,60450.13,61482,60787.99,60814.63,2338.06810837
1715472000,2024-05-12,60576.05,61843.45,60814.64,61453.02,2694.97577935
1715558400,2024-05-13,60738.51,63456.18,61453.01,62932.37,9170.80865115
1715644800,2024-05-14,61024.51,63103.02,62927.44,61539.84,13456.61307634
1715731200,2024-05-15,61299.57,66480,61539.7,66244.69,21821.38858725
1715817600,2024-05-16,64588.5,66772.83,66244.68,65252.18,12012.70197182
1715904000,2024-05-17,65113.46,67500,65252.17,67046.33,11710.00723895
1715990400,2024-05-18,66624.06,67407.79,67046.34,66923.87,3880.58113972
1716076800,2024-05-19,65852.02,67701.91,66923.87,66261.62,3565.11346165
1716163200,2024-05-20,66057.03,71560.9,66260.04,71432.17,20415.88691709
1716249600,2024-05-21,69146.01,71980,71432.16,70142.84,16102.06132545
1716336000,2024-05-22,68887.52,70659.99,70142.88,69109.93,10889.10300904
1716422400,2024-05-23,66259,70066.95,69109.93,67940.45,14340.27843589
1716508800,2024-05-24,66587.91,69278.75,67932.79,68547.8,10374.95988085
1716595200,2024-05-25,68487.44,69605.03,68545.52,69289.67,2501.11901959
1716681600,2024-05-26,68097.38,69522,69289.69,68473.72,2037.67329089
1716768000,2024-05-27,68210.12,70613.39,68470.8,69368.72,5384.62278063
1716854400,2024-05-28,67194.59,69533.96,69366.31,68321.98,11975.93086328
1716940800,2024-05-29,67081.66,68864.11,68321.99,67569.45,8970.02059069
1717027200,2024-05-30,67092.91,69536.89,67569.44,68338.58,11841.26381893
1717113600,2024-05-31,66584.47,69024.71,68338.58,67472.41,10690.85876224
1717200000,2024-06-01,67371.28,67837.33,67473.07,67719.29,1949.57008052
1717286400,2024-06-02,67260,68411,67719.29,67735.52,2997.15241527
1717372800,2024-06-03,67568,70295.78,67731.14,68791,11884.90882705
1717459200,2024-06-04,68542.37,71108.9,68791.04,70542.32,18042.19396496
1717545600,2024-06-05,70356.49,71804.13,70541.68,71121.11,10123.1802918
1717632000,2024-06-06,70093.98,71650.56,71120.65,70773.64,7716.5079994
1717718400,2024-06-07,68298.55,71974.04,70773.63,69324.53,13768.98185265
1717804800,2024-06-08,69126.22,69546.58,69326.71,69304.05,2631.94610412
1717891200,2024-06-09,69123.99,69848.94,69303.8,69637.87,1826.03995531
1717977600,2024-06-10,69141.51,70187.53,69641.08,69497.73,6088.40363232
1718064000,2024-06-11,66018.69,69547.82,69495.97,67316.53,17354.68915468
1718150400,2024-06-12,66883.32,70032,67316.52,68248.6,17140.01139413
1718236800,2024-06-13,66200,68474.49,68248.59,66738.85,11916.13211129
1718323200,2024-06-14,65005,67322.72,66746.46,66004.39,11520.15791899
1718409600,2024-06-15,65800.86,66428.57,66004.36,66192,2004.1421548
1718496000,2024-06-16,65999,66931.18,66192,66628.75,2118.65163435
1718582400,2024-06-17,65050,67274.96,66629.38,66481.81,14487.64060903
1718668800,2024-06-18,64010.01,66574.33,66481.81,65152.8,15937.73176483
1718755200,2024-06-19,64635.48,65709.26,65150.9,64943.79,4958.38361329
1718841600,2024-06-20,64500,66455.52,64945.67,64840.88,9346.70807899
1718928000,2024-06-21,63300.93,65017.1,64840.89,64120.28,9816.79599936
1719014400,2024-06-22,63910.01,64523.91,64120.28,64235.01,2324.21500373
1719100800,2024-06-23,63125.75,64499.95,64235,63171.43,2054.79092364
1719187200,2024-06-24,58414.28,63343.91,63169.36,60263,21418.04594647
1719273600,2024-06-25,60217.36,62400,60262.16,61789.71,15201.5824773
1719360000,2024-06-26,60656.8,62470,61794.47,60816.68,11392.79835017
1719446400,2024-06-27,60546.94,62346.16,60818.86,61615.39,10530.35898848
1719532800,2024-06-28,59868,62170.62,61611.43,60313.35,11381.0258738
1719619200,2024-06-29,60273.8,61122.66,60312.36,60885.67,3199.03650127
1719705600,2024-06-30,60611.01,62942.67,60884.44,62668.26,4263.22924826
1719792000,2024-07-01,62448.46,63801.26,62669.14,62830.13,12326.70696465
1719878400,2024-07-02,61000,63223.57,62830.94,62040.22,10688.64132628
1719964800,2024-07-03,59332.76,62197.01,62039.44,60145.01,12066.71677065
1720051200,2024-07-04,56709.73,60429.27,60145.01,57042.14,17969.35692426
1720137600,2024-07-05,53499.9,57515.6,57036.45,56639.43,28052.41501655
1720224000,2024-07-06,56020.32,58481.97,56634.53,58244.75,6449.32501293
1720310400,2024-07-07,55717.23,58448.89,58240.36,55854.09,5320.91645368
1720396800,2024-07-08,54278.93,58200,55852.61,56699.43,19043.04861272
1720483200,2024-07-09,56276.37,58295.31,56701.18,58047.86,11757.76025902
1720569600,2024-07-10,57157.28,59481.93,58047.86,57712.59,11619.63229345
1720656000,2024-07-11,57036.41,59533.06,57713.4,57340.77,11433.53379518
1720742400,2024-07-12,56538.33,58550,57343.66,57909.03,10516.60400149
1720828800,2024-07-13,57770.92,59875,57908.61,59224.58,4255.10545721
1720915200,2024-07-14,59209.2,61428.67,59224.58,60808.42,6132.37403058
1721001600,2024-07-15,60666.59,64943.61,60804.97,64757.16,20601.73387957
1721088000,2024-07-16,62410.33,65405.89,64757.16,65088.99,14691.92002303
1721174400,2024-07-17,63853.99,66139,65086.55,64085.81,10647.79709095
1721260800,2024-07-18,63222.6,65130.88,64085.82,63982.86,7637.52760383
1721347200,2024-07-19,63289.15,67504.22,63977.64,66707.61,15163.05745737
1721433600,2024-07-20,66271,67635,66707.61,67163.83,4671.38885135
1721520000,2024-07-21,65820.18,68380,67163.82,68181.28,6027.86201344
1721606400,2024-07-22,66569.42,68495,68181.16,67558.22,11844.79119584
1721692800,2024-07-23,65444.3,67786.84,67560.03,65939.24,10791.03782177
1721779200,2024-07-24,65090.61,67131.17,65939.24,65366.4,7702.25551129
1721865600,2024-07-25,63412.46,66161.98,65358.86,65795.42,10452.25571747
1721952000,2024-07-26,65705.6,68216.66,65795.52,67924.08,9315.20918753
1722038400,2024-07-27,66635.28,69418.15,67921.46,67899.41,10233.62198513
1722124800,2024-07-28,67021.8,68308.82,67901.81,68244.3,3505.5483691
1722211200,2024-07-29,66400.01,70000,68244.3,66771.45,13641.48475825
1722297600,2024-07-30,65283.68,66994.15,66767.14,66169.68,8733.57157991
1722384000,2024-07-31,64500,66837.4,66169.68,64609.62,8986.37529253
1722470400,2024-08-01,62212.81,65593.56,64609.61,65288.18,15636.72205775
1722556800,2024-08-02,61150,65557.86,65293.48,61418.06,15390.00963957
1722643200,2024-08-03,59819.13,62171.58,61418.06,60674.93,8019.39450918
1722729600,2024-08-04,57123,61082.3,60674.93,58130.95,10319.01091658
1722816000,2024-08-05,49050.01,58282.83,58131.31,54029.12,59125.78926672
1722902400,2024-08-06,53965.57,57091.16,54037.9,56048.08,16897.67519536
1722988800,2024-08-07,54564.15,57757.15,56048.07,55148.1,13971.5151871
1723075200,2024-08-08,54737.32,62755.24,55144.14,61705.58,20623.04985861
1723161600,2024-08-09,59552.46,61764.38,61704.05,60862.13,11569.80744379
1723248000,2024-08-10,60255.61,61500,60864.71,60935.02,3157.63609699
1723334400,2024-08-11,58312.63,61868.69,60935.01,58722.49,5229.37008498
1723420800,2024-08-12,57653.31,60721.77,58717.44,59358.78,12183.92944247
1723507200,2024-08-13,58402.01,61615.43,59358.78,60603.19,10879.76363828
1723593600,2024-08-14,58453.56,61827.2,60603.19,58690.62,12938.61473824
1723680000,2024-08-15,56120,59883.49,58690.62,57543.61,14506.63316989
1723766400,2024-08-16,57096.56,59871.61,57543.57,58888.99,11930.21788221
1723852800,2024-08-17,58803.45,59711.02,58888.99,59497.49,2787.56355634
1723939200,2024-08-18,58422,60284.99,59497.49,58437.9,4325.64817169
1724025600,2024-08-19,57820,59639.81,58436.2,59452.67,8539.29378706
1724112000,2024-08-20,58571.96,61457.03,59455.81,59017.59,11062.05279919
1724198400,2024-08-21,58793.89,61849.98,59017.59,61163.28,13380.11101719
1724284800,2024-08-22,59750,61430.48,61167.54,60383.29,9608.6955368
1724371200,2024-08-23,60343.2,64987,60383.28,64086.72,17852.77117167
1724457600,2024-08-24,63564.22,64529.78,64091.63,64179.63,5020.91676004
1724544000,2024-08-25,63793.74,65050.08,64179.63,64251.93,4012.30764642
1724630400,2024-08-26,62806.8,64509.36,64250.01,62840,10741.96651081
1724716800,2024-08-27,58025.49,63226.26,62840.09,59439.64,14195.89496578
1724803200,2024-08-28,57851.62,60236.98,59437.68,59045.88,10001.12169866
1724889600,2024-08-29,58729.39,61194.09,59047.94,59364.47,10933.22040343
1724976000,2024-08-30,57700,59929.63,59353.12,59112.77,9382.9124508
1725062400,2024-08-31,58739.31,59446.99,59117.59,58968.37,1368.21775121
1725148800,2024-09-01,57200,59070.55,58968.37,57299,4411.05388122
1725235200,2024-09-02,57119.01,59423,57291.21,59139.83,4318.6544603
1725321600,2024-09-03,57394.49,59825.7,59138.89,57468.84,8264.44971184
1725408000,2024-09-04,55555,58531.25,57460.5,57971,13715.96171494
1725494400,2024-09-05,55628.04,58326.12,57971,56156.82,12281.57828747
1725580800,2024-09-06,52530,56995,56156.82,53950.01,18495.45064356
1725667200,2024-09-07,53733.1,54847,53950,54156.33,3284.57722628
1725753600,2024-09-08,53623.95,55315.95,54159.6,54881.11,3684.86816392
1725840000,2024-09-09,54565.56,58119.97,54881.1,57053.9,10203.03329517
1725926400,2024-09-10,56377.76,58050.35,57047.82,57645.59,6433.21371111
1726099200,2024-09-12,57311.15,58600,57352.92,58137.54,10175.62390483
1726185600,2024-09-13,57630.01,60670,58137.33,60543.35,11935.95544754
1726272000,2024-09-14,59436.8,60660,60543.35,60012.35,3147.39019631
1726358400,2024-09-15,58695.75,60402.34,60012.34,59122.33,3975.3568185
1726444800,2024-09-16,57477,59214.15,59122.7,58208.75,7654.10991835
1726531200,2024-09-17,57620.27,61373.41,58209.76,60312.6,11701.89074715
1726617600,2024-09-18,59174.5,61800,60317.38,61769.18,11471.50683029
1726704000,2024-09-19,61569.16,63891.82,61770.38,62960.14,15075.86835522
1726790400,2024-09-20,62340,64140.67,62956.04,63210.69,10636.1082809
1726876800,2024-09-21,62755,63575.63,63210.94,63362.74,1960.85712028
1726963200,2024-09-22,62380.55,64000,63362.74,63577.66,2882.2341982
1727049600,2024-09-23,62566.28,64739.67,63580.39,63338.87,7014.74459935
1727136000,2024-09-24,62689.15,64700,63338.85,64272.93,8933.46473574
1727222400,2024-09-25,62932.8,64811,64272.93,63130.89,5909.09510453
1727308800,2024-09-26,62652.99,65865,63131.13,65177.21,12789.85035505
1727395200,2024-09-27,64827.85,66550,65176.39,65789,9529.0168808
1727481600,2024-09-28,65400,66266.39,65787.53,65858.99,2755.22680581
1727568000,2024-09-29,65433.29,66059,65857.33,65600.01,2721.35197741
1727654400,2024-09-30,62833.95,65624.95,65600.01,63301.25,10629.74147917
1727740800,2024-10-01,60150.89,64106.75,63305.52,60790,15970.80295516
1727827200,2024-10-02,59969.2,62380.34,60792.63,60631.37,8764.03050337
1727913600,2024-10-03,59824.87,61474.92,60631.36,60744.99,7834.55718072
1728000000,2024-10-04,60454.5,62481,60745,62090.71,7884.21831808
1728086400,2024-10-05,61686.34,62380.04,62090.7,62051.29,1783.56564961
1728172800,2024-10-06,61805.85,62978.75,62051.29,62810.86,2086.21821773
1728259200,2024-10-07,62113.28,64467.02,62810.93,62200.28,10707.1500015
1728345600,2024-10-08,61824.48,63191.05,62203.82,62122.02,6566.33034742
1728432000,2024-10-09,60255,62507.68,62118.44,60578.28,7582.36723494
1728518400,2024-10-10,58863.9,61271.59,60578.28,60279.53,10462.57962276
1728604800,2024-10-11,60029.98,63416.7,60279.53,62518.75,11454.9900534
1728691200,2024-10-12,62464.15,63474.25,62518.75,63187.47,3943.90648994
1728777600,2024-10-13,62033,63270.18,63183.08,62845.3,2257.61460657
1728864000,2024-10-14,62426.67,66500,62847.89,66065.65,13638.71106556
1728950400,2024-10-15,64778.44,67944.76,66065.64,67056.6,16324.01191342
1729036800,2024-10-16,66743,68399,67056.62,67608.44,12465.75691229
1729123200,2024-10-17,66629.97,67926.99,67608.45,67402.33,7912.22639285
1729209600,2024-10-18,67149.24,69000.62,67399.86,68426.11,11802.74441943
1729296000,2024-10-19,68005.83,68689.29,68426.11,68363.73,1868.86958754
1729382400,2024-10-20,68083.18,69380,68363.73,69014.86,2632.89214855
1729468800,2024-10-21,66802,69498,69014.87,67346.15,10226.59346669
1729555200,2024-10-22,66535,67800,67346.15,67380.08,8598.06472763
1729641600,2024-10-23,65149.51,67415.65,67389.7,66601.11,9021.17140157
1729728000,2024-10-24,66445.32,68800,66601.1,68156.84,10016.19830413
1729814400,2024-10-25,65500.01,68742.38,68156.84,66564.51,14485.49253537
1729900800,2024-10-26,66331.95,67365.18,66564.51,67012.56,2949.2199701
1729987200,2024-10-27,66836.78,68261.37,67008.15,67943.19,2819.59766921
1730073600,2024-10-28,67532.48,70235.98,67943.18,69924.5,16140.14013624
1730160000,2024-10-29,69705.76,73624.98,69924.49,72724.35,20616.91187006
1730246400,2024-10-30,71400.01,72948.6,72724.35,72322.91,13543.49337837
1730332800,2024-10-31,69559.33,72684.02,72322.91,70197.83,14726.78460342
1730419200,2024-11-01,68720,71620,70198.02,69467.29,15295.28781188
1730505600,2024-11-02,69000,69891.92,69466.64,69358.94,2203.99644104
1730592000,2024-11-03,67444,69364.65,69360.95,68738.18,6758.88506466
1730678400,2024-11-04,66783.77,69453.94,68736.4,67807.48,12431.01371517
1730764800,2024-11-05,67427.53,70557.67,67810.15,69380.73,12867.66127618
1730851200,2024-11-06,69285.82,76509.56,69380.64,75646.55,45398.11837369
1730937600,2024-11-07,74463.96,76999,75646.55,75920,21932.40207681
1731024000,2024-11-08,75654.26,77312.18,75925,76566.73,18378.39876264
1731110400,2024-11-09,75758.58,76952.67,76566.72,76716.06,4836.57005338
1731196800,2024-11-10,76535.33,81534.28,76716.06,80428.92,16728.21105103
1731283200,2024-11-11,80277.34,89666,80427.69,88770.73,35560.11866694
1731369600,2024-11-12,85010,90100,88770.74,88035.43,40111.80924643
1731456000,2024-11-13,86220.5,93495,88035.43,90493.82,42318.6909168
1731542400,2024-11-14,86672.07,91831.25,90499.4,87340.4,23422.75915863
1731628800,2024-11-15,87100.83,91934.62,87338.96,91058.36,20388.33115227
1731715200,2024-11-16,90069.21,91820.73,91058.36,90636.24,6598.0269304
1731801600,2024-11-17,88713.64,91439.82,90638.54,89886.69,5574.55122824
1731888000,2024-11-18,89372.65,92674.8,89877.11,90520.3,17340.77166451
1731974400,2024-11-19,90403.24,94105.84,90521.32,92435.89,18267.16111244
1732060800,2024-11-20,91600,94989.99,92445.04,94393.15,20329.039987
1732147200,2024-11-21,94127.2,99073.53,94384.15,98439.09,31188.09394751
1732233600,2024-11-22,97209.52,99860,98439.1,99024.03,29936.62215019
1732320000,2024-11-23,97215.01,99044.11,99024.03,97778.77,12072.47203722
1732406400,2024-11-24,95780.77,98700,97778.78,98028.18,8654.77135767
1732492800,2024-11-25,92534.93,98999,98032.06,93000.01,20695.912495
1732579200,2024-11-26,90682.58,95004.92,93001.48,91929.54,17848.01962899
1732665600,2024-11-27,91747.46,97386.06,91929.53,95951.19,15213.90946356
1732752000,2024-11-28,94671.59,96676.31,95951.19,95665.53,5586.55288339
1732838400,2024-11-29,95383.46,98750,95665.53,97490.56,12587.02498942
1732924800,2024-11-30,96129.73,97509.6,97489.8,96465.42,3476.04255853
1733011200,2024-12-01,95753.42,97895.9,96464.95,97263.18,4039.27591451
1733097600,2024-12-02,94400.63,98200,97259.17,95862.89,15554.61486745
1733184000,2024-12-03,93571.3,96310.1,95862.89,95924.52,17898.7046212
1733270400,2024-12-04,94634.85,99263.2,95924.85,98746.24,17528.92050771
1733356800,2024-12-05,92055.86,104000,98746.24,97044.23,36399.8182427
1733443200,2024-12-06,96424.2,102104.12,97049.47,99891.35,17801.21293952
1733529600,2024-12-07,99012.73,100583.27,99885.37,99929.32,4774.3508777
1733616000,2024-12-08,98729.66,101435.05,99919.2,101174.99,4230.35225168
1733702400,2024-12-09,94220.8,101290.73,101175,97324.81,20103.05073464
1733788800,2024-12-10,94273.38,98338.17,97330.66,96660.76,20620.53877488
1733875200,2024-12-11,95722.79,101984.98,96660.75,101202.11,21190.23753294
1733961600,2024-12-12,99298.39,102595,101211.61,100030.47,14796.92456547
1734048000,2024-12-13,99220.81,101959.13,100024.75,101428.75,13327.59954074
1734134400,2024-12-14,100600,102650,101428.74,101399.99,4181.40180281
1734220800,2024-12-15,101221.34,105100,101400,104447.76,7796.33358128
1734307200,2024-12-16,103289.21,107857.79,104445.15,106099.81,22575.87902891
1734393600,2024-12-17,105337.97,108388.88,106099.98,106136.99,11994.58863972
1734480000,2024-12-18,99939.82,106528.13,106145.83,100150.73,22294.42835455
1734566400,2024-12-19,95539.67,102796.22,100148.6,97372.21,23522.12863874
1734652800,2024-12-20,92115.66,98132.47,97372.2,97765,21766.62386138
1734739200,2024-12-21,96368,99596.57,97762.75,97230.08,6451.43271418
1734825600,2024-12-22,94182.98,97387.98,97230.09,95087.75,4933.50127735
1734912000,2024-12-23,92360.91,96430.08,95091.15,94764.56,13476.98947566
1734998400,2024-12-24,93426.25,99444,94767.88,98594.47,13355.36314305
1735084800,2024-12-25,97557.48,99484.92,98594.47,99346.28,5254.2370598
1735171200,2024-12-26,95083.93,99887,99358.67,95669.49,11403.37268934
1735257600,2024-12-27,93234.31,97340.47,95669.4,94171.89,13169.12897588
1735344000,2024-12-28,94002.72,95534.17,94171.7,95130.82,2722.6591363
1735430400,2024-12-29,92841.48,95170.06,95125.59,93563.35,3417.52751094
1735516800,2024-12-30,91271.19,94910.48,93563.35,92620.71,15271.24432744
1735603200,2024-12-31,91887.13,96148.94,92620.7,93354.22,10348.6325655
1735689600,2025-01-01,92743.63,94960.91,93347.59,94383.59,6871.73848196
1735776000,2025-01-02,94177,97776.99,94383.59,96903.19,10912.47383962
1735862400,2025-01-03,96016.63,98969.92,96905.48,98136.51,9021.88538159
1735948800,2025-01-04,97516.65,98761.02,98139.85,98209.85,2742.08960614
1736035200,2025-01-05,97250,98814,98209.85,98345.33,2377.92175899
1736121600,2025-01-06,97900,102500,98347.65,102279.41,15173.55606778
1736208000,2025-01-07,96105.11,102735.99,102279.41,96941.98,16587.2869223
1736294400,2025-01-08,92500,97254.35,96941.98,95036.63,14182.29739458
1736380800,2025-01-09,91187,95363.26,95033.18,92547.44,9712.37853215
1736467200,2025-01-10,92209.25,95862.92,92547.44,94701.18,12634.03407823
1736553600,2025-01-11,93804.05,94983.65,94701.48,94565.02,2638.69956767
1736640000,2025-01-12,93670.3,95383.84,94569.91,94509.62,2025.81612971
1736726400,2025-01-13,89028.64,95900,94507.24,94506.45,13094.86359481
1736812800,2025-01-14,94311.36,97353.29,94507.35,96534.96,11210.74226727
1736899200,2025-01-15,96400,100716.45,96534.97,100510.23,13610.74729401
1736985600,2025-01-16,97277.58,100880,100504.27,99981.78,12312.37366854
1737072000,2025-01-17,99937.81,105970,99981.46,104107,20518.30949325
1737158400,2025-01-18,102233.45,104933.15,104107,104435,7835.29991824
1737244800,2025-01-19,99518,106314.44,104435.01,101211.13,13312.63685598
1737331200,2025-01-20,99416.27,109358.01,101217.78,102145.43,32342.18311338
1737417600,2025-01-21,100051,107291.1,102145.42,106159.26,19411.23488978
1737504000,2025-01-22,103100,106431.34,106159.27,103667.11,10730.018962
1737590400,2025-01-23,101200.01,106870.87,103659.6,103926.36,25064.86499945
1737676800,2025-01-24,102751.92,107200,103926.36,104850.27,12921.99361413
1737763200,2025-01-25,104104,105294,104866.13,104733.56,3404.85308291
1737849600,2025-01-26,102452.24,105478.8,104729.92,102563,4575.36611531
1737936000,2025-01-27,97715.03,103228.46,102565.28,102062.42,23647.14111877
1738022400,2025-01-28,100213.8,103770.85,102063.92,101290,9488.53429464
1738108800,2025-01-29,101275.6,104829.64,101290.01,103747.25,11403.20278905
1738195200,2025-01-30,103289.74,106484.77,103747.25,104742.64,13061.34881233
1738281600,2025-01-31,101506,106090,104742.63,102411.26,13313.68104489
1738368000,2025-02-01,100250,102781.65,102414.05,100623.85,3390.25555744
1738454400,2025-02-02,96179,101459.84,100623.88,97676.52,10366.65062753
1738540800,2025-02-03,91178.01,102599.85,97676.53,101460.2,31328.72219576
1738627200,2025-02-04,96145.76,101812.23,101460.15,97795.05,14168.7031661
1738713600,2025-02-05,96161.01,99230.49,97795.06,96638.33,9308.59185883
1738800000,2025-02-06,95674.96,99182.15,96635.62,96564.62,9168.94674634
1738886400,2025-02-07,95614.96,100235.79,96575.24,96537.08,12171.82534167
1738972800,2025-02-08,95682.33,96919.05,96536.93,96476.25,2972.45715184
1739059200,2025-02-09,94730.67,97342.28,96476.24,96475.82,3417.87009701
1739145600,2025-02-10,95257.2,98367.23,96481.47,97444.41,6375.72539123
1739232000,2025-02-11,94831.07,98500,97451.66,95774.08,7737.05105717
1739318400,2025-02-12,94066.92,98119.98,95770.95,97862.53,9078.50356189
1739404800,2025-02-13,95220,98100,97864.28,96625.29,6803.6078927
1739491200,2025-02-14,96268.56,98890.11,96625.29,97509.03,7744.67640105
1739577600,2025-02-15,97225.01,97997.85,97507.94,97596.94,1626.51929078
1739664000,2025-02-16,96057.68,97738.22,97596.54,96119.88,2174.29326885
1739750400,2025-02-17,95200,97050.64,96119.88,95781.8,3533.01273263
1739836800,2025-02-18,93333,96730,95781.8,95607.4,8867.39878431
1739923200,2025-02-19,95000.01,96880,95612.97,96632.03,6945.44897339
1740009600,2025-02-20,96419.07,98768.54,96632.03,98347.2,10582.84622768
1740096000,2025-02-21,94721.92,99517.52,98347.2,96157.03,19298.23921958
1740182400,2025-02-22,95767.95,96982.52,96157.03,96582.12,7324.02366243
1740268800,2025-02-23,95243.91,96679.93,96578.49,96265.98,3787.84705335
1740355200,2025-02-24,91300,96515.41,96266.23,91510.82,12644.0435007
1740441600,2025-02-25,85836.18,92549.99,91509.88,88583.74,31587.91715546
1740528000,2025-02-26,82111.12,89305.68,88583.17,84111.78,21568.55463119
1740614400,2025-02-27,82554.11,86993.87,84111.77,84625.19,16836.55524727
1740700800,2025-02-28,78167.81,85116.19,84627.5,84297.73,30755.74245077
1740787200,2025-03-01,83772.54,86534.96,84297.74,86018.76,6852.5441262
1740873600,2025-03-02,85003.35,95128.88,86018.82,94265.48,16751.22972996
1740960000,2025-03-03,85007.01,94415.61,94265.47,86161.1,22691.67068614
1741046400,2025-03-04,81444,88977.27,86161.09,87249.96,23130.37098654
1741132800,2025-03-05,86329.22,91000,87247.93,90603.73,14900.93396554
1741219200,2025-03-06,87790.5,92817.29,90607.73,89921.85,13303.43744669
1741305600,2025-03-07,84608.27,91280,89915.02,86756.98,27137.2022302
1741392000,2025-03-08,85200,86863.38,86753.3,86206.69,3023.2478665
1741478400,2025-03-09,80000,86480,86206.64,80699.17,7565.44749561
1741564800,2025-03-10,77389,84033.66,80708.21,78544.71,21375.10120997
1741651200,2025-03-11,76555,83600,78548.18,82914.51,17096.37980265
1741737600,2025-03-12,80572.21,84442.69,82911.81,83659.43,12617.220582
1741824000,2025-03-13,79890,84310.8,83659.45,81073.43,10506.80043483
1741910400,2025-03-14,80771.17,85318.61,81071.5,83980.49,10857.45703924
1741996800,2025-03-15,83612.24,84690.43,83989.86,84351.46,2331.92028578
1742083200,2025-03-16,81969.44,85092.35,84351.45,82562.57,4059.89765099
1742169600,2025-03-17,82416.98,84758.46,82562.5,84011.4,7785.97733364
1742256000,2025-03-18,81125,84029.67,84011.39,82698.76,7316.63296603
1742342400,2025-03-19,82535.53,87045.45,82699.53,86877.96,13056.03519886
1742428800,2025-03-20,83596.75,87492.87,86877.97,84183.42,9880.31696275
1742515200,2025-03-21,83100,84809.72,84183.41,84061.96,6257.63558757
1742601600,2025-03-22,83659.69,84517.75,84061.96,83852.03,2108.51345069
1742688000,2025-03-23,83804.67,86128.99,83852.06,86092.94,3467.46945277
1742774400,2025-03-24,85533.06,88804.64,86092.95,87523.62,13107.50391644
1742860800,2025-03-25,86321.97,88584.34,87518.09,87427.88,10153.98312373
1742947200,2025-03-26,85850,88304.1,87432.82,86926.01,6885.71986041
1743033600,2025-03-27,85784,87790.12,86926.01,87217.48,6904.09386105
1743120000,2025-03-28,83533.4,87498.15,87214.07,84381.8,10031.80008987
1743206400,2025-03-29,81608.99,84584.13,84381.81,82616.83,3194.24303663
1743292800,2025-03-30,81538.88,83508.98,82624.06,82379.98,2472.72302228
1743379200,2025-03-31,81265.16,83920.8,82379.98,82534.32,6887.94694226
1743465600,2025-04-01,82403.32,85566.53,82534.31,85170.37,9130.97692565
1743552000,2025-04-02,82283.01,88530,85166.92,82490.08,16748.28262337
1743638400,2025-04-03,81177.7,83953.45,82490.1,83174.33,11800.91106566
1743724800,2025-04-04,81643.54,84720.67,83178.68,83860.16,14593.03092888
1743811200,2025-04-05,82346.61,84238.35,83859.78,83498.25,2836.42920662
1743897600,2025-04-06,77058.99,83773.58,83505.88,78370.75,11014.8594773
1743984000,2025-04-07,74420.69,81223.67,78370.15,79140.01,26706.52930797
1744070400,2025-04-08,76167.35,80849.98,79140.02,76251.64,14917.02351692
1744156800,2025-04-09,74553.01,83583.35,76258.8,82594.75,23584.94464084
1744243200,2025-04-10,78387.24,82730.93,82593.15,79552.34,11876.12778689
1744329600,2025-04-11,78919.94,84299,79552.34,83380.47,9964.68703141
1744416000,2025-04-12,82765.26,85909.97,83379.64,85271.01,3972.49282052
1744502400,2025-04-13,83010,86092.99,85271.02,83733.07,3904.15929557
1744588800,2025-04-14,83655.27,85818.06,83733.07,84590.36,7247.02343319
1744675200,2025-04-15,83592.77,86491.4,84590.36,83629.78,6461.77024421
1744761600,2025-04-16,83088.02,85526.4,83622.52,84028.72,8246.73748903
1744848000,2025-04-17,83711.69,85494.94,84028.71,84961.97,5865.70077325
1744934400,2025-04-18,84287.06,85150.94,84961.97,84466.47,1884.07668707
1745020800,2025-04-19,84353.45,85625,84466.47,85074.99,1683.30746873
1745107200,2025-04-20,83972.82,85319.21,85074.59,85177.34,1812.14325365
1745193600,2025-04-21,85135.98,88575.62,85177.33,87522.07,12603.75828155
1745280000,2025-04-22,87077.17,93952.62,87513.53,93489.1,19460.09432868
1745366400,2025-04-23,91902.19,94686,93486.57,93740.92,12538.32136507
1745452800,2025-04-24,91685.18,94061.02,93740.93,94021.96,9320.8086182
1745539200,2025-04-25,92880.01,95976.34,94021.97,94708.79,14148.6339475
1745625600,2025-04-26,93903.01,95273.52,94707.79,94666.64,2253.98942317
1745712000,2025-04-27,93654.77,95351.11,94666.64,93780.57,2304.93789541
1745798400,2025-04-28,92829.44,95652.66,93780.56,95042.57,7348.4883725
1745884800,2025-04-29,93761.26,95499,95042.56,94271.09,5979.94472886
1745971200,2025-04-30,92911.88,95263.74,94271.08,94182.54,6511.31778605
1746057600,2025-05-01,94136.79,97546.99,94182.55,96524.98,8334.02681063
1746144000,2025-05-02,96369.69,97948.56,96524.98,96929.81,5709.61012071
1746230400,2025-05-03,95765.13,96974.78,96929.81,95861.33,2077.55675998
1746316800,2025-05-04,94151.67,96312.51,95865.47,94272.55,2834.39686495
1746403200,2025-05-05,93500.01,95218.82,94272.54,94733.99,5181.01206583
1746489600,2025-05-06,93363.28,96916.25,94733.99,96839.17,6164.34738969
1746576000,2025-05-07,95800,97738.05,96843.84,97058.32,8328.69875473
1746662400,2025-05-08,96888.25,104176.05,97058.33,103253.49,15379.43544074
1746748800,2025-05-09,102330.76,104352.6,103252.2,102986.96,7318.60440182
1746835200,2025-05-10,102831.41,104997,102986.94,104821.19,3104.17143581
1746921600,2025-05-11,103360.22,104980.89,104817.83,104137.62,3055.22813204
1747008000,2025-05-12,100703.71,105787.37,104137.58,102800.21,11005.40673978
1747094400,2025-05-13,101447.78,105038.53,102800.22,104131.06,8727.89105836
1747180800,2025-05-14,102603.27,104373,104131.2,103545.38,7628.70177301
1747267200,2025-05-15,101400.01,104200,103540.91,103786.43,7563.00946962
1747353600,2025-05-16,103125.51,104616.71,103786.4,103500.03,6881.65708111
1747440000,2025-05-17,102612,103741.98,103500.03,103161.07,1848.95251021
1747526400,2025-05-18,103130.95,106692.97,103162.53,106473.46,4130.60889099
1747612800,2025-05-19,102105,107137.68,106488.77,105616.18,10104.32339011
1747699200,2025-05-20,104209.18,107355,105616.21,106883.24,8804.38724819
1747785600,2025-05-21,106128.14,110788.98,106883.24,109699.54,18333.91491262
1747872000,2025-05-22,109217.23,112000,109697.19,111722.53,11250.38756124
1747958400,2025-05-23,106800.01,111824.07,111722.54,107329.61,9638.23489571
1748044800,2025-05-24,106895.77,109517.79,107332.08,107794.01,2611.3560546
1748131200,2025-05-25,106632.35,109371.04,107794.01,109048.68,2996.9984274
1748217600,2025-05-26,108706.04,110474.41,109048.41,109464.32,4641.38117417
1748304000,2025-05-27,107536.41,110829.42,109464.33,108978.46,8827.06917845
1748390400,2025-05-28,106790.16,109344.89,108978.45,107819.29,6474.20131287
1748476800,2025-05-29,105315,108943.35,107819.26,105572.58,9305.58410478
1748563200,2025-05-30,103634.48,106377.66,105572.58,104033.26,7866.16241154
1748649600,2025-05-31,103110.01,104965.5,104033,104645.87,2403.60824408
1748736000,2025-06-01,103800.81,105937.46,104645.87,105697.94,2369.92891564
1748822400,2025-06-02,103685.23,106000,105697.93,105904.94,5818.90812007
1748908800,2025-06-03,104910.01,106901.68,105909.79,105447.82,6486.4597778
1748995200,2025-06-04,104202,106058.47,105443.95,104753.38,4505.03599201
1749081600,2025-06-05,100345.73,105999.68,104753.37,101570.2,10627.57339852
1749168000,2025-06-06,101132.91,105439.01,101570.2,104397.99,9677.25748525
1749254400,2025-06-07,103969.7,106000,104398,105619.02,4141.10124271
1749340800,2025-06-08,105028.3,106548.9,105619.02,105784.4,1998.61011035
1749427200,2025-06-09,105368.27,110651.12,105784.41,110301.15,6581.24781856
1749513600,2025-06-10,108362.14,110420.08,110299.69,110300.24,5433.6716937
1749600000,2025-06-11,108091.74,110435.05,110300.25,108669.37,4603.3324446
1749686400,2025-06-12,105706.78,108853.74,108673.77,105721.05,5734.67136139
1749772800,2025-06-13,102746.01,106233,105716.45,106118.7,7441.52465913
1749859200,2025-06-14,104351.72,106264.36,106114.53,105465.42,2256.48702523
1749945600,2025-06-15,104505.05,106184.13,105465.42,105599.25,1722.80945227
1750032000,2025-06-16,104982.26,109000,105600.21,106853.38,5952.98369341
1750118400,2025-06-17,103363.3,107792.9,106853.38,104590.44,7688.94642443
1750204800,2025-06-18,103512.38,105603.63,104590.44,104915.6,4918.14382744
1750291200,2025-06-19,103916.37,105266.61,104915.6,104671.9,2279.05842007
1750377600,2025-06-20,102357.25,106553.86,104671.4,103317.8,5047.63626176
1750464000,2025-06-21,100919.19,104013.64,103317.79,102160.03,3287.51327489
1750550400,2025-06-22,98225.01,103417,102160.36,100996.87,7872.25874446
1750636800,2025-06-23,99677.07,106135.47,100996.87,105419.39,8910.86676597
1750723200,2025-06-24,104681.83,106366.29,105418.4,106141,5773.20907668
1750809600,2025-06-25,105875,108206,106141.01,107400.22,7072.65636297
1750896000,2025-06-26,106605.88,108345,107400.22,107029.64,4900.22231656
1750982400,2025-06-27,106413.79,107804.2,107029.63,107113.38,6310.43715745
1751068800,2025-06-28,106868.94,107599.81,107119.17,107352.2,1227.76803255
1751155200,2025-06-29,107230,108550,107352.2,108386.44,2154.86170312
1751241600,2025-06-30,106724.76,108800,108386.44,107173.21,4839.04838063
1751328000,2025-07-01,105262,107579.3,107173.21,105711.78,5152.72760186
1751414400,2025-07-02,105119.7,109823.08,105711.77,108888.32,7995.79258367
1751500800,2025-07-03,108574.31,110590,108887.03,109628.83,6434.57921608
1751587200,2025-07-04,107268.84,109812.94,109628.83,108028.6,3129.21859997
1751673600,2025-07-05,107783.1,108454.19,108028.6,108246.65,1513.15428554
1751760000,2025-07-06,107837.7,109736.64,108246.66,109217.98,1651.18120197
1751846400,2025-07-07,107507,109741.64,109217.98,108269.84,4455.08353019
1752019200,2025-07-09,108329.87,112152.91,108953.58,111282.85,7683.83239574
1752105600,2025-07-10,110541.87,116842,111282.84,116031.3,12920.20742934
1752192000,2025-07-11,115211.74,118909.74,116031.29,117582.16,10116.886206
1752278400,2025-07-12,116940.82,118244.51,117582.16,117472.65,2397.72381256
1752364800,2025-07-13,117238.69,119500,117472.65,119130.81,3461.0430314
1752451200,2025-07-14,118949.18,123231.07,119130.81,119863.71,13536.79954839
1752537600,2025-07-15,115697.37,119973.3,119863.71,117781.64,23726.31356081
1752624000,2025-07-16,117033.23,120134.8,117781.63,118681.68,9250.98642597
1752710400,2025-07-17,117469,120998.76,118681.67,119273.69,8360.35130892
1752796800,2025-07-18,116892.42,120918.68,119273.7,118023.05,8735.40386401
1752883200,2025-07-19,117337.59,118564.59,118023.06,117914.17,1700.0997198
1752969600,2025-07-20,116525,118921.76,117914.17,117312.7,2504.59032125
1753056000,2025-07-21,116565.01,119745.93,117315.68,117428.79,5450.55450292
1753142400,2025-07-22,116185,120300,117428.79,120026.42,7564.58852928
1753228800,2025-07-23,117342.21,120180.93,120034.21,118810.44,5526.13819924
1753315200,2025-07-24,117190,119557.7,118810.44,118397.04,7137.01277011
1753401600,2025-07-25,114750,118518.2,118400,117633.27,24633.33644271
1753488000,2025-07-26,117095.73,118371.35,117633.27,117969.63,6974.42930567
1753574400,2025-07-27,117849.99,119800,117981.73,119465.52,4999.42180703
1753660800,2025-07-28,117380.6,119839,119465.52,118070.59,7647.38438521
1753747200,2025-07-29,116900,119284.78,118074.43,117933.39,6070.86335715
1753833600,2025-07-30,115728.49,118809.43,117933.39,117830.15,4647.7410138
1753920000,2025-07-31,115500,118920,117830.15,115761.13,4647.6521388
1754006400,2025-08-01,112659,116065.12,115756.12,113248.73,9196.58441635
1754092800,2025-08-02,112000,114023.58,113248.83,112542.74,2946.5811158
1754179200,2025-08-03,111903.68,114794.99,112542.75,114215.73,2212.37278435
1754265600,2025-08-04,114118.18,115756.06,114215.7,115051.85,4655.53866243
1754352000,2025-08-05,112622.14,115112.75,115056.14,114112.95,4943.38930608
1754438400,2025-08-06,113347.87,115749.99,114112.95,115028.83,4481.39474697
1754524800,2025-08-07,114268.6,117687,115028.83,117515.49,5804.23960803
1754611200,2025-08-08,115800,117687,117515.69,116683.79,4870.3042426
1754697600,2025-08-09,116343.34,117937.89,116683.79,116492.51,2586.17129292
1754784000,2025-08-10,116480,119324.08,116492.5,119309.37,2850.61404026
1754870400,2025-08-11,118050,122319.14,119309.37,118701.84,7220.80819945
1754956800,2025-08-12,118190.81,120327,118701.83,120113.18,4615.45835079
1755043200,2025-08-13,118931.34,123740.24,120109.04,123365.63,8512.8860955
1755129600,2025-08-14,117208.97,124533,123365.63,118389.79,10154.04939662
1755216000,2025-08-15,116859.32,119339.57,118389.79,117436.96,4990.799358
1755302400,2025-08-16,117222.01,118028.68,117436.95,117455.68,1781.69438526
1755388800,2025-08-17,117249.49,118641.6,117455.69,117488.6,2021.61751952
1755475200,2025-08-18,114703.26,117633.8,117488.59,116286.76,6762.85366719
1755561600,2025-08-19,112696.56,116792.87,116286.75,112856.19,7918.58452813
1755648000,2025-08-20,112344.11,114627.37,112853.66,114276,5764.27605073
1755734400,2025-08-21,111964,114812,114276,112480.3,6033.74435365
1755820800,2025-08-22,111649.75,117416.73,112480.29,116908.68,8547.72089091
1755907200,2025-08-23,114505,116999.03,116911.9,115383.87,2245.41925268
1755993600,2025-08-24,110635,115616.53,115383.87,113478,4602.76322486
1756080000,2025-08-25,109275.74,113645.32,113478,110127.74,8509.20658676
1756166400,2025-08-26,108670,112399.99,110127.74,111788.01,7735.56524843
1756252800,2025-08-27,110351.11,112683.39,111788.04,111253.21,5151.42127925
1756339200,2025-08-28,110858.78,113480,111253.22,112574.85,4637.29182209
1756425600,2025-08-29,107469.13,112642.53,112574.84,108378.32,7806.0938333
1756512000,2025-08-30,107369.69,108928.79,108378.32,108827.93,2828.67461609
1756598400,2025-08-31,108060.79,109489.79,108827.92,108247.95,2702.50957636
1756684800,2025-09-01,107250,109907.51,108247.95,109240.55,5396.96365977
1756771200,2025-09-02,108400,111801.86,109240.55,111247.94,7398.40595759
1756857600,2025-09-03,110533.77,112600,111247.94,111756.41,5205.45031255
1756944000,2025-09-04,109321,112235.6,111756.4,110720.79,5253.71408228
1757030400,2025-09-05,110202.36,113390,110714.48,110670.02,7218.59124481
1757116800,2025-09-06,109993,111317.65,110670.02,110212.6,1621.65017738
1757203200,2025-09-07,110200.01,111600,110214.21,111129.61,1646.11764246
1757289600,2025-09-08,110600,112940.84,111120.38,112072.57,5158.43294831
1757376000,2025-09-09,110765.72,113292.96,112072.57,111549.32,5158.45733241
1757462400,2025-09-10,110919.55,114362.1,111546.61,113983.97,7249.99346721
1757548800,2025-09-11,113433.92,115554.53,113983.98,115540,5575.3607407
1757635200,2025-09-12,114774.19,116833.25,115540.01,116106.03,6493.57632751
1757721600,2025-09-13,115177.53,116378.04,116106.03,115968.35,2173.49651785
1757808000,2025-09-14,115166,116226.61,115968.33,115314.13,1967.88683794
1757894400,2025-09-15,114395.84,116802,115314.12,115381.08,6142.67859527
1757980800,2025-09-16,114750,117000,115381.07,116832.56,6012.58313417
1758067200,2025-09-17,114724.57,117327.24,116832.56,116484.4,7151.30033814
1758153600,2025-09-18,116125.08,117998.17,116484.4,117117.99,7140.41942024
1758240000,2025-09-19,115132.71,117516.36,117117.99,115690.55,5874.11552075
1758326400,2025-09-20,115463.22,116194.63,115690.55,115752.4,2830.8502542
1758412800,2025-09-21,115237.16,115900.02,115752.9,115282.27,2071.01892785
1758499200,2025-09-22,111761.22,115441.37,115282.26,112736.59,8494.39097785
1758585600,2025-09-23,111502.08,113357,112736.59,112017.21,4512.04618772
1758672000,2025-09-24,111066.07,113999.98,112017.21,113348.17,4932.88303511
1758758400,2025-09-25,108623.7,113561.35,113348.16,109035.72,9197.26639402
1758844800,2025-09-26,108645.02,110369.99,109036,109697.29,6826.16968974
1758931200,2025-09-27,109116,109815.08,109697.29,109681.16,1950.48703402
1759017600,2025-09-28,109230.98,112385.84,109681.15,112197.67,2397.09714427
1759104000,2025-09-29,111582.65,114490,112197.66,114365.07,5553.41779958
1759190400,2025-09-30,112695.85,114850,114361.66,114067.71,5044.09158186
1759276800,2025-10-01,113975.5,118718.8,114067.71,118659.97,9687.1228881
1759363200,2025-10-02,118336.01,121111,118662.72,120621.32,8816.90252269
1759449600,2025-10-03,119327.83,123996.81,120621.33,122318.4,11835.08733617
1759536000,2025-10-04,121572.64,122896,122318.39,122458.56,2705.28818527
1759622400,2025-10-05,122195.28,125750,122458.55,123520.79,5820.77013157
1759708800,2025-10-06,123115.77,126296,123520.8,124720.09,9135.3086452
1759795200,2025-10-07,120636,125226.34,124723.57,121393.95,8699.84065383
1759881600,2025-10-08,121090.06,124254.31,121393.96,123343.25,6727.94848453
1759968000,2025-10-09,119713.65,123822.08,123343.24,121714.51,6980.15210285
1760054400,2025-10-10,107000,122600,121714.51,112980.28,22432.34375511
1760140800,2025-10-11,109683.96,113439.99,112976.01,110768.89,10041.88198008
1760227200,2025-10-12,109687.46,115847,110768.9,115067.98,9699.03564495
1760313600,2025-10-13,113700.27,116077.51,115067.96,115274.03,8147.76104518
1760400000,2025-10-14,109945.86,115514.91,115274.03,113068,11955.35437582
1760486400,2025-10-15,110185.87,113671.99,113072.18,110804.12,7440.03782479
1760572800,2025-10-16,107464.53,112021.07,110804.11,108198,14792.78754529
1760659200,2025-10-17,103516.75,109269.97,108197.99,106463.3,13824.34463474
1760745600,2025-10-18,106357.69,107535.68,106462.09,107208.91,3552.60959467
1760832000,2025-10-19,106091.25,109499,107208.91,108676.78,4841.63812975
1760918400,2025-10-20,107449.91,111748.6,108676.77,110568.06,6286.43529012
1761004800,2025-10-21,107444.6,114082.29,110568.05,108362.27,12890.45189253
1761091200,2025-10-22,106639,109188.27,108357.99,107585.98,9311.33986567
1761177600,2025-10-23,107511.46,111342.6,107588.02,110116.03,6881.35851313
1761264000,2025-10-24,109725.51,112158.39,110116.02,111042.13,5915.09477083
1761350400,2025-10-25,110693.01,111968.52,111042.13,111666.21,1478.94798996
1761436800,2025-10-26,111260.33,115542,111666.22,114548.09,3808.17193597
1761523200,2025-10-27,113833.12,116410.06,114561.69,114087.06,5491.52581938
1761609600,2025-10-28,112203,116114.13,114087.06,112906.75,5342.86134585
1761696000,2025-10-29,109000,113690.17,112906.75,110032.13,6110.48087693
1761782400,2025-10-30,106279.33,111629.2,110031.65,108308.18,8481.34743643
1761868800,2025-10-31,108266.11,111066.1,108308.02,109555.27,6858.47522213
1761955200,2025-11-01,109342.47,110500,109555.63,110052.25,1707.44713625
1762041600,2025-11-02,108800,111221.99,110052.25,110536.01,3777.57822519
1762128000,2025-11-03,105271.67,110749,110533.83,106557.98,8657.30683772
1762214400,2025-11-04,98892.97,107269.85,106557.98,101468.15,17052.82209797
1762300800,2025-11-05,98950,104550,101468.16,103869,10844.84576039
1762387200,2025-11-06,100235.02,104191.19,103866.67,101290.5,9488.56911128
1762473600,2025-11-07,99170,104041.99,101290.5,103284.27,9981.70774039
1762560000,2025-11-08,101422.74,103350,103281.79,102285.57,4365.22006206
1762646400,2025-11-09,101372.58,105471.04,102285.58,104694.95,5545.42134633
1762732800,2025-11-10,104240.76,106653,104694.23,105979.38,7737.06153627
1762819200,2025-11-11,102422.43,107482,105979.38,103009.35,6574.79380402
1762905600,2025-11-12,100803.2,105316.64,103017.21,101639.01,6053.08600012
1762992000,2025-11-13,97870,104050,101636.03,99614.54,12710.66743459
1763078400,2025-11-14,93951.32,99836.1,99610.49,94503.96,19645.40043753
1763164800,2025-11-15,94222.2,96747.02,94501.08,95544.94,5157.02031554
1763251200,2025-11-16,92943.83,96559.61,95544.94,94183.97,7161.13750207
1763337600,2025-11-17,91158.35,95950,94182.03,92100.6,13319.956338
1763424000,2025-11-18,89183.48,93775,92100.6,92914.46,16182.4672286
1763510400,2025-11-19,88483.12,92948,92914.45,91461.6,15642.23320328
1763596800,2025-11-20,85980.7,93080.91,91465.04,86536.88,18857.80134874
1763683200,2025-11-21,80524.65,87395.93,86531.87,85068.88,31211.5604643
1763769600,2025-11-22,83441.91,85547.11,85068.85,84684,7330.52185107
1763856000,2025-11-23,84614.11,88100,84683.99,86808.28,9786.06365257
1763942400,2025-11-24,85213.17,89225.6,86808.28,88266.2,14868.61469913
1764028800,2025-11-25,86067.02,88486.82,88264,87325.01,10484.73675809
1764115200,2025-11-26,86266.95,90628.53,87325,90468.84,11351.8707199
1764201600,2025-11-27,90067.81,91925.4,90468.83,91316.7,8201.73046924
1764288000,2025-11-28,90220.5,93161.86,91316.7,90902.7,9580.37061817
1764374400,2025-11-29,90200,91199.99,90902.69,90828.06,3143.58444031
1764460800,2025-11-30,90353.96,91980.8,90829.68,90369.51,3513.48557284
1764547200,2025-12-01,83800,90433.7,90364,86282.36,16664.36191777
1764633600,2025-12-02,86181.38,92342,86282.35,91308.05,13162.85699748
1764720000,2025-12-03,91024.47,94181.41,91308.05,93453.84,9741.98216681
1764806400,2025-12-04,90904.73,94087.05,93452.02,92093.54,6198.20707297
1764892800,2025-12-05,88099.05,92716.42,92093.7,89345.29,8310.94183595
1764979200,2025-12-06,88932,90296.32,89345.29,89267.97,3017.16860213
1765065600,2025-12-07,87733.18,91779.99,89262.8,90402.29,4070.57697141
1765152000,2025-12-08,89599,92291.96,90402.3,90653.86,6661.98775031
1765238400,2025-12-09,89537.55,94640.66,90653.86,92690,9862.67083813
1765324800,2025-12-10,91556.64,94500,92690,92035.99,8904.69319331
1765411200,2025-12-11,89257.98,93594.76,92035.85,92542,9119.99377433
1765497600,2025-12-12,89500,92791.26,92539.63,90278,6137.8902612
1765584000,2025-12-13,89777.79,90657,90278,90255.32,1542.14542217
1765670400,2025-12-14,87565.38,90496.16,90255.32,88171.61,3643.36533229
1765756800,2025-12-15,85129.63,90064.74,88174.37,86417.5,9868.30482589
1765843200,2025-12-16,85250,88148,86417.5,87854.01,7734.132664
1765929600,2025-12-17,85267.69,90336.36,87854,86209.77,10021.43107061
1766016000,2025-12-18,84400,89447.75,86209.79,85460.02,9840.74407994
1766102400,2025-12-19,85052.78,89365.85,85460.85,88092.65,8046.9179144
1766188800,2025-12-20,87780,88530.6,88092.65,88324,1807.74517583
1766275200,2025-12-21,87501.01,89046.44,88322.01,88639.95,2361.91088803
1766361600,2025-12-22,87846.17,90541.8,88639.87,88556.77,8901.70507789
1766448000,2025-12-23,86533.86,88896.63,88555.03,87429.32,7050.61151888
1766534400,2025-12-24,86350,88001.2,87429.32,87609.03,5007.9834145
1766620800,2025-12-25,86899,88534.4,87609.02,87171.68,2819.32696132
1766707200,2025-12-26,86569.53,89496.07,87171.46,87296.01,8673.64195064
1766793600,2025-12-27,86944.24,87914.62,87296.17,87808,1955.01185796
1766880000,2025-12-28,87349.52,88000,87806.75,87877.29,1859.62245916
1766966400,2025-12-29,86675,90325,87877.28,87110.78,10415.66618294
1767052800,2025-12-30,86704.98,89343.52,87110.77,88397.5,8725.01685173
1767139200,2025-12-31,87082.64,89100,88397.24,87497.94,7261.18123917
1767225600,2026-01-01,87361.74,88798.99,87497.95,88738.34,4001.39765552
1767312000,2026-01-02,88272.08,90935.22,88742,89957.99,11442.48043957
1767398400,2026-01-03,89284.13,90697,89958,90598.02,2951.65444679
1767484800,2026-01-04,90598.01,91764.64,90598.01,91494,3198.89444605
1767571200,2026-01-05,91479.28,94825.27,91489.03,93870.06,12349.57555407
1767657600,2026-01-06,91203.13,94439.63,93870.06,93722.01,9651.48547871
1767744000,2026-01-07,90576.24,93722.01,93722.01,91279.73,9317.16996001
1767830400,2026-01-08,89200,91580.01,91279.73,91026,10333.23549339
1767916800,2026-01-09,89583.58,91944.52,91024.01,90515.45,9272.64438525
1768003200,2026-01-10,90251.43,90698,90515.12,90385.54,1733.85727298
1768089600,2026-01-11,90109,91173.12,90387.36,90872.01,2262.85242889
1768176000,2026-01-12,90003.46,92406.3,90878.51,91188.09,9683.74429824
1768262400,2026-01-13,90925.17,96250,91188.08,95384.23,17153.5601987
1768348800,2026-01-14,94518.63,97963.62,95385.59,96955.16,20696.88952587
1768435200,2026-01-15,95066.19,97176.42,96954.02,95587.65,10619.32790923
1768521600,2026-01-16,94229.04,95830.49,95578.2,95504,6286.36029783
1768608000,2026-01-17,94980.12,95600,95503.99,95109.99,1754.07093263
1768694400,2026-01-18,93559.78,95485,95109.99,93633.53,2607.76939988
1768780800,2026-01-19,91935.3,93630,93630,92559.66,4993.56556058
1768867200,2026-01-20,87767.53,92807.99,92559.65,88310.6,11134.88996796
1768953600,2026-01-21,87156,90500,88310.6,89363.71,12539.4399225
1769040000,2026-01-22,88408.65,90273.35,89363.71,89463.5,7075.16869109
1769126400,2026-01-23,88440.65,91147.01,89463.51,89474.93,7381.22299218
1769212800,2026-01-24,89007.01,89832.72,89474.94,89082.17,1801.82109589
1769299200,2026-01-25,86000.13,89177.95,89082.16,86561.94,5428.58128865
1769385600,2026-01-26,86411.7,88787.97,86561.94,88250.01,8219.90069049
1769472000,2026-01-27,87180.01,89447.21,88250,89116.96,6475.09716863
1769558400,2026-01-28,88706.32,90476.81,89116.96,89162.4,6636.13609913
1769644800,2026-01-29,83216.21,89210.16,89162.4,84513.2,14860.94029344
1769731200,2026-01-30,81000.12,84599,84513.19,84110.99,15232.81199203
1769817600,2026-01-31,75644.15,84138,84110.99,78648,14855.0734429
1769904000,2026-02-01,75612.75,79337.99,78648,76895.53,11545.9871474
1769990400,2026-02-02,74502.21,79339,76895.99,78666.85,21193.37373311
1770076800,2026-02-03,72859,79123.75,78666.84,75661.49,16467.12531015
1770163200,2026-02-04,71703.72,76876.54,75661.49,72998,19764.62442772
1770249600,2026-02-05,62181.65,73173.96,72999,62791,49371.20579141
1770336000,2026-02-06,60001,71707.18,62788.28,70527.7,43810.88328386
1770422400,2026-02-07,67293.26,71648.05,70521.08,69244.74,11251.84383408
1770508800,2026-02-08,68840.83,72232.17,69250,70279.33,8090.44858999
1770595200,2026-02-09,68233.01,71380.13,70279.32,70101.99,15546.49393947
1770681600,2026-02-10,67857,70489.99,70101.98,68803.65,11566.41314985
1770768000,2026-02-11,65702.95,69248,68803.65,67024.93,15121.43118138
1770854400,2026-02-12,65065.47,68382.9,67032.71,66208,13823.46090185
1770940800,2026-02-13,65799.71,69434.2,66207.99,68812,12104.28673482
1771027200,2026-02-14,68697.63,70531.53,68812,69786.96,5586.9814678
1771113600,2026-02-15,68020,70941.65,69786.96,68792,5965.51322769
1771200000,2026-02-16,67251.81,70089.99,68792,68858.13,6626.85996745
1771286400,2026-02-17,66569.58,69199.51,68859.55,67466.7,9122.62622708
1771372800,2026-02-18,65812.57,68438.84,67466.7,66419.79,9687.16921753
1771459200,2026-02-19,65604.63,67288.22,66419.78,66972.5,8505.29632895
1771545600,2026-02-20,66427.23,68294.86,66972.49,67984.42,11349.70677085
1771632000,2026-02-21,67516.93,68683.27,67984.42,67955.78,3287.0646747
1771718400,2026-02-22,67132.81,68241.4,67955.78,67617.98,3263.5334723
1771804800,2026-02-23,63855,67656.42,67616.01,64625.78,15198.01176266
1771891200,2026-02-24,62534.61,64988.32,64625.78,64068.33,12517.40763597
1771977600,2026-02-25,63912.25,70020,64068.33,67992.68,17322.54859823
1772064000,2026-02-26,66500.92,68866.86,67992.68,67490.51,10678.27331982
1772150400,2026-02-27,64942.87,68223.07,67490.5,65859.94,10276.79604611
1772236800,2026-02-28,63019.6,67761.55,65859.93,66967.85,9093.24916408
1772323200,2026-03-01,65008.38,68200,66971.54,65769,8511.88788603
1772409600,2026-03-02,65250.12,70128.74,65771.56,68832.01,17772.46881037
1772496000,2026-03-03,66138.2,69255.36,68832,68335.99,12823.7275946
1772582400,2026-03-04,67391.17,74100,68335.99,72683.26,21142.77079177
1772668800,2026-03-05,70639.01,73588.24,72683.26,70887.6,10891.71826063
1772755200,2026-03-06,67725.14,71428.4,70887.61,68108.24,11045.21439575
1772841600,2026-03-07,66921.33,68544.79,68108.23,67259.62,3245.05107908
1772928000,2026-03-08,65618.51,68201.16,67259.62,65970.56,5505.17926548
1773014400,2026-03-09,65820.93,69543,65970.56,68432.17,13303.95615379
1773100800,2026-03-10,68383.5,71800,68432.16,69960.83,13322.43399947
1773187200,2026-03-11,68980.74,71358.48,69960.83,70208,9851.72870494
1773273600,2026-03-12,69180.01,70819.84,70208.03,70531.56,9708.42046678
1773360000,2026-03-13,70398.01,73968,70530.02,70944.33,12304.21633821
1773446400,2026-03-14,70236.02,71316,70944.32,71232.02,3174.08339322
1773532800,2026-03-15,70868.41,73220.8,71232.01,72830.01,5785.61944649
1773619200,2026-03-16,72276.24,74913.69,72830.01,74886.47,12657.43153702
1773705600,2026-03-17,73400.01,76022.6,74886.46,73934.11,11357.85437394
1773792000,2026-03-18,70474.83,74700,73934.11,71245.02,9248.1145105
1773878400,2026-03-19,68772.78,71628,71245.01,69918.3,7794.02546506
1773964800,2026-03-20,69360,71384.62,69917.19,70497.01,7315.89355875
1774051200,2026-03-21,68562.13,71075.92,70497.01,68912.02,2856.70812643
1774137600,2026-03-22,67332.05,69577,68912.02,67844.94,4889.89870785
1774224000,2026-03-23,67425,71811,67844.94,70874.23,10354.71705596
1774310400,2026-03-24,68889,71389,70874.22,70533.49,7238.74499869
1774396800,2026-03-25,70357.1,72030.29,70533.48,71301.53,7665.36824144
1774483200,2026-03-26,68102.36,71414.33,71301.52,68769.02,8225.19395173
1774569600,2026-03-27,65498.75,69128.75,68769.02,66353.34,13681.42559929
1774656000,2026-03-28,65876.61,67249.65,66353.33,66320.15,4011.39625322
1774742400,2026-03-29,64938.66,67076.07,66320.16,65956.94,4588.31530898
1774828800,2026-03-30,65736.63,68129.33,65957.95,66737.18,10707.53083699
1774915200,2026-03-31,65924.82,68518.1,66737.08,68221.85,11831.5835043
1775001600,2026-04-01,67525.59,69285.99,68221.84,68112.35,9804.6544448
1775088000,2026-04-02,65696.96,68652,68112.34,66894.48,8813.97029196
1775174400,2026-04-03,66275.01,67375.7,66899.11,66959.99,4181.03967015
1775260800,2026-04-04,66770.64,67535.2,66959.98,67291.73,2412.86305009
1775347200,2026-04-05,66600,69117.6,67291.72,69005,3810.37749315
1775433600,2026-04-06,68332,70378.48,69005,68853.61,11182.35365631
1775520000,2026-04-07,67710.01,72753.97,68853.6,71910.2,11156.72732306
1775606400,2026-04-08,70684.65,72861.38,71910.21,71085.99,11083.24086941
1775692800,2026-04-09,70468.74,73147.81,71083.99,71798.01,10707.78813462
1775779200,2026-04-10,71431.55,73477.87,71798.01,72997.88,10066.64303661
1775865600,2026-04-11,72564.35,73822.95,72997.88,73086,2795.93594516
1775952000,2026-04-12,70512.7,73172.14,73085.99,70755.35,4443.04188961
1776038400,2026-04-13,70576.27,74936.9,70755.35,74446,17452.66428951
1776124800,2026-04-14,73854.5,76127.18,74448,74179.04,21086.20700901
1776211200,2026-04-15,73545,75458.81,74176.09,74836.31,7732.11670824
1776297600,2026-04-16,73298.01,75539.91,74839.97,75163.09,8138.95301491
1776384000,2026-04-17,74558.21,78390,75163.09,77098.01,15414.90050977
1776470400,2026-04-18,75473.81,77450.15,77098.01,75736.82,4245.3427458
1776556800,2026-04-19,73777.86,76278.36,75736,73823.14,5477.34091341
1776643200,2026-04-20,73741.53,76600,73823.27,75864.86,8979.33512634
1776729600,2026-04-21,74817.27,76926.37,75864.86,76348.58,7556.91793671
1776816000,2026-04-22,76145,79523,76355.73,78208.52,11757.91950096
1776902400,2026-04-23,76979.99,78722.96,78208.52,78281.32,9366.75503457
1776988800,2026-04-24,77289,78607.38,78281.32,77461.8,7766.77212029
1777075200,2026-04-25,77179.2,77911.09,77461.79,77650.72,2871.67459101
1777161600,2026-04-26,77346.44,78943,77650.72,78673.83,3942.05709744
1777248000,2026-04-27,76447.51,79496,78673.84,77364.42,9288.76247228
1777334400,2026-04-28,75646.84,77478.99,77364.48,76317.99,6625.83124653
1777420800,2026-04-29,74914,77906.84,76317.99,75752.88,9665.58304734
1777507200,2026-04-30,75290.1,76655.95,75752.87,76305.78,6282.45727649
1777593600,2026-05-01,76275.01,78961.14,76305.78,78234.05,8786.48048854
1777680000,2026-05-02,78034.28,79155,78234.05,78682.31,2444.21427844
1777766400,2026-05-03,78073.01,79428.6,78682.31,78558.89,2766.87588315
1777939200,2026-05-05,79789.5,81799.6,79852.37,80907.72,9129.50056534
1778025600,2026-05-06,80699.66,82814.23,80907.72,81438.1,8276.53099017
1778112000,2026-05-07,79456,81709.17,81438.11,80005.38,7038.15097074
1778198400,2026-05-08,79520.44,80487.39,80005.38,80188.82,3086.74170459
1778284800,2026-05-09,80115.33,81065.32,80188.82,80655.96,2056.58900174
1778371200,2026-05-10,80273.86,82450,80655.97,82199.99,3971.08807704
1778457600,2026-05-11,80417.72,82379,82199.99,81727.06,7031.61760564
1778544000,2026-05-12,79802.51,81778,81727.09,80484.72,5247.36830885
1778630400,2026-05-13,78699.83,81293.93,80484.72,79288.26,7960.11188101
1778716800,2026-05-14,78885.42,82066.22,79288.26,81079.39,13222.23476392
1778803200,2026-05-15,78591.99,81650,81078.04,79058.51,6789.73368724
1778889600,2026-05-16,77608.95,79182.02,79058.5,78105.45,3053.43839711
1778976000,2026-05-17,76673.54,78570,78105.46,77407.59,2500.63873433
1779062400,2026-05-18,75992,77764.28,77406.57,76943.98,8825.37701993
1779148800,2026-05-19,76061.12,77350.08,76943.96,76767.48,4874.41365584
1779235200,2026-05-20,76433.52,77782.61,76767.48,77475.99,6016.20525065
1779321600,2026-05-21,76619.02,78123.68,77475.98,77547.62,6038.75037562
1779408000,2026-05-22,75266.73,77833.02,77547.25,75443.91,5132.27865239
1779494400,2026-05-23,74197.11,77305,75446.99,76650,5619.0521439
1779580800,2026-05-24,76000,77412.32,76648.65,76975.99,3695.06880542
1779667200,2026-05-25,76807.04,77834.55,76975.99,77249.07,3335.38172719
1779753600,2026-05-26,75555,78015.46,77249.07,75826.1,8614.2448817
1779840000,2026-05-27,74113.95,76033.66,75826.1,74315.98,6385.20290985
1779926400,2026-05-28,72445.11,74462.4,74316.71,73512.56,8579.08613888
1780012800,2026-05-29,72364.13,74224.84,73512.55,73366.77,9057.16460696
1780099200,2026-05-30,73107.24,74029.01,73366.77,73770.69,4015.02525805
1780185600,2026-05-31,73288,74156.59,73770.69,73575.17,3318.87878933
1780272000,2026-06-01,70555,73978.52,73575.18,71314.42,10835.86426218
1780358400,2026-06-02,66100.01,71315.67,71314.43,66658.35,15741.32305621
1780444800,2026-06-03,63985.01,67416.5,66658.45,64040,15790.02945596
1780531200,2026-06-04,61309.25,64695,64039.99,63806.02,25533.586511
1780617600,2026-06-05,59073.01,63906.02,63806.02,61032,28732.71500543
1780704000,2026-06-06,59448.45,61499.41,61031.98,60850.48,9073.41539934
1780790400,2026-06-07,60706.4,64234.45,60850.48,63302.73,9793.1727327
1780876800,2026-06-08,62365.43,64200.02,63302.03,63062.98,11755.65646469
1780963200,2026-06-09,60713.5,63490.49,63062.97,61685.8,11218.32861079
1781049600,2026-06-10,60708.92,62809.04,61685.81,61449.46,9040.95804487
1781136000,2026-06-11,61449.47,63866.82,61449.47,63563.42,9449.25103044
1781222400,2026-06-12,62739.81,64347.32,63563.44,63538.43,8179.86676422
1781308800,2026-06-13,63400.92,64727.27,63538.44,64429.99,4146.44545759
1781395200,2026-06-14,63640,65764.16,64424.98,65706.62,4719.21113394
1781481600,2026-06-15,65302.08,67264,65704.23,66276.8,8071.56079236
1781568000,2026-06-16,65300.03,66944,66276.79,65616.64,6347.81359553
1781654400,2026-06-17,63851.02,66384.01,65616.64,64446.04,7644.1962471
1781740800,2026-06-18,62159.76,64752.51,64446.05,62879.01,7475.48695466
1781827200,2026-06-19,62246.24,63595.93,62879.01,63475.2,3592.2486366
1781913600,2026-06-20,63131.38,64312.73,63475.08,64222.99,3866.36413615
1782000000,2026-06-21,63171.19,64508.4,64223,63235.63,3741.2101443
1782086400,2026-06-22,63235.61,65553.39,63235.63,63950.61,7944.1273781
1782172800,2026-06-23,61862.27,64211.95,63950.61,62644.86,6931.61213742
1782259200,2026-06-24,59010.74,63156.34,62644.86,60983.13,15635.11089006
1782345600,2026-06-25,58000,61868.39,60983.14,59703.65,15027.87126075
1782432000,2026-06-26,58243.36,60660,59703.66,60002.53,14344.89687871
1782518400,2026-06-27,59765.1,60838.92,60002.97,59934.84,4263.41546366
1782604800,2026-06-28,58810.11,60455,59934.84,59474.01,4245.96241874
1782691200,2026-06-29,58800,60702.63,59473.99,60162.73,10607.13260857
1782777600,2026-06-30,58056,60191.99,60162.73,58523.93,9465.93232684
1782864000,2026-07-01,57717.55,61287.33,58523.93,59961.45,10684.76298705
1782950400,2026-07-02,59520.02,62147.89,59961.46,61484.02,9926.92193918
1783036800,2026-07-03,61162.79,62899.99,61484.02,62520.22,5258.18045215
1783123200,2026-07-04,62274.16,63410,62520.22,63086.45,3145.81597083
1783209600,2026-07-05,62384.08,63940.79,63086.46,63580.44,3932.92874482
1783296000,2026-07-06,61250,64658.85,63580.45,64001.84,9896.48050701
1783382400,2026-07-07,62583,64272.92,64001.85,63323.27,8692.3130837
1783468800,2026-07-08,61453.09,63720.88,63322.07,62237.7,7237.78820087
1783555200,2026-07-09,61636.05,63448.46,62237.7,63175.25,6006.35289135
1783641600,2026-07-10,62865.01,64669.42,63175.25,64128.49,7404.52499746
1783728000,2026-07-11,63769.84,64458.7,64128.49,63773.04,2617.29724763
1783814400,2026-07-12,63588.2,64250.56,63773.05,63740.32,2633.31782959
1783900800,2026-07-13,61750.9,64388.01,63740.32,62264.94,9591.1892568
1783987200,2026-07-14,62190.4,65055.04,62264.94,64988.64,7504.53812142
1784073600,2026-07-15,64431.11,65559.5,64988.65,64716.63,5757.28000036
1784160000,2026-07-16,63690.78,64946.07,64712.04,63770.6,5101.5478066
1784246400,2026-07-17,62452.52,64353.56,63770.6,63894,7455.05858276
1784332800,2026-07-18,63842.35,64827.93,63893.99,64796.36,3120.98182893
1784419200,2026-07-19,64238.08,64918.7,64796.36,64681.78,2337.25546535
1784505600,2026-07-20,63702.01,65756.09,64681.79,65213.05,8359.60489964
1784592000,2026-07-21,65106.79,66923.95,65213.05,66516.18,7284.09774035
1784678400,2026-07-22,65484,66698.55,66516.17,66086.61,5859.41989993
1784764800,2026-07-23,64564.09,66287.74,66086.6,65051.23,6960.21139899
1784851200,2026-07-24,63641,65762.78,65051.24,64083.32,7327.49813634
1784937600,2026-07-25,63732,64387.43,64083.31,64295.61,2180.46852205
1785024000,2026-07-26,64229.6,65511.36,64295.61,65341.07,2390.56790196
1785110400,2026-07-27,63545,65705.08,65341.07,63694.43,5069.45269918
1785196800,2026-07-28,62645.39,64041.02,63693.44,63847.12,6232.18054403
1785283200,2026-07-29,63194.45,64665.3,63847.12,63896.14,8092.70552294
1785369600,2026-07-30,63502.91,65118.08,63896.14,64721.9,8025.87127027
1785456000,2026-07-31,62358.96,65360,64721.9,62825.9,8260.37090197
1785542400,2026-08-01,62209.81,63093,62826.69,62764.2,3060.55404241
1785628800,2026-08-02,62743.87,63730.49,62764.2,63499.49,3283.94724012
1785715200,2026-08-03,62210.14,64032.43,63499.49,63466.51,7086.70328594
1785801600,2026-08-04,63250,64497.24,63466.51,64050.51,6227.77436334
1785888000,2026-08-05,63814.8,64988.78,64050.51,64603.03,6932.34404967
1785974400,2026-08-06,64087.41,64944.16,64603.02,64267.3,4520.43206155
1786060800,2026-08-07,64099.35,65348.97,64267.3,64891.61,6181.48293213
1786147200,2026-08-08,64789.89,65150.16,64891.6,64908.72,2494.26436439
1786233600,2026-08-09,64675.22,65426,64908.71,64848.69,3044.21136585
1786320000,2026-08-10,63733.03,65341.83,64848.68,63911.88,6197.02944527
1786406400,2026-08-11,63158,64439.38,63911.88,63531.75,6020.29333133
1786492800,2026-08-12,63235.88,64416.3,63531.75,63411.72,6570.08215862
1786579200,2026-08-13,62772.84,63949.9,63411.71,63425.35,5119.66743787
1786665600,2026-08-14,62468.21,63561.45,63425.35,62975.19,5116.86738135
1786752000,2026-08-15,62830.01,63123.68,62975.18,63018.75,1233.57820711
1786838400,2026-08-16,62631.18,63318.09,63018.75,62836.66,1794.19400235
1786924800,2026-08-17,62679.42,64588,62836.67,64484.18,6069.64648358
1787011200,2026-08-18,63979.36,65020,64477.26,64681.33,5099.57954731
1787097600,2026-08-19,64112.04,70022.44,64681.33,69300.01,16917.83327784
1787184000,2026-08-20,68853.22,73391.43,69300.01,73011.87,16155.04322781
1787270400,2026-08-21,73004.7,79500,73010.86,78325.54,20245.16913846
1787356800,2026-08-22,76471.7,78828.37,78325.54,77054.44,5400.20084011
1787443200,2026-08-23,75538.12,78055.25,77054.44,77729.36,4600.67451175
1787529600,2026-08-24,76652,79999.99,77729.36,78981.59,11216.61146606
1787616000,2026-08-25,77832,81265.3,78981.59,78526.8,10819.3622223
1787702400,2026-08-26,77601.02,79239.09,78526.79,79026.18,6497.47138279
1787788800,2026-08-27,78551.99,80835.82,79026.18,80388.03,7390.49737551
